trip_id,starttime,stoptime,bikeid,tripduration,from_station_name,to_station_name,from_station_id,to_station_id,usertype,gender,birthyear
431,10/13/2014 10:31,10/13/2014 10:48,SEA00298,985.935,2nd Ave & Spring St,Occidental Park / Occidental Ave S & S Washington St,CBD-06,PS-04,Member,Male,1960
432,10/13/2014 10:32,10/13/2014 10:48,SEA00195,926.375,2nd Ave & Spring St,Occidental Park / Occidental Ave S & S Washington St,CBD-06,PS-04,Member,Male,1970
433,10/13/2014 10:33,10/13/2014 10:48,SEA00486,883.831,2nd Ave & Spring St,Occidental Park / Occidental Ave S & S Washington St,CBD-06,PS-04,Member,Female,1988
434,10/13/2014 10:34,10/13/2014 10:48,SEA00333,865.937,2nd Ave & Spring St,Occidental Park / Occidental Ave S & S Washington St,CBD-06,PS-04,Member,Female,1977
435,10/13/2014 10:34,10/13/2014 10:49,SEA00202,923.923,2nd Ave & Spring St,Occidental Park / Occidental Ave S & S Washington St,CBD-06,PS-04,Member,Male,1971
436,10/13/2014 10:34,10/13/2014 10:47,SEA00337,808.805,2nd Ave & Spring St,Occidental Park / Occidental Ave S & S Washington St,CBD-06,PS-04,Member,Male,1974
437,10/13/2014 11:35,10/13/2014 11:45,SEA00202,596.715,Occidental Park / Occidental Ave S & S Washington St,King Street Station Plaza / 2nd Ave Extension S & S Jackson St,PS-04,PS-05,Member,Male,1978
438,10/13/2014 11:35,10/13/2014 11:45,SEA00311,592.131,Occidental Park / Occidental Ave S & S Washington St,King Street Station Plaza / 2nd Ave Extension S & S Jackson St,PS-04,PS-05,Member,Male,1983
439,10/13/2014 11:35,10/13/2014 11:45,SEA00486,586.347,Occidental Park / Occidental Ave S & S Washington St,King Street Station Plaza / 2nd Ave Extension S & S Jackson St,PS-04,PS-05,Member,Female,1974
440,10/13/2014 11:35,10/13/2014 11:45,SEA00434,587.634,Occidental Park / Occidental Ave S & S Washington St,King Street Station Plaza / 2nd Ave Extension S & S Jackson St,PS-04,PS-05,Member,Male,1958
441,10/13/2014 11:36,10/13/2014 11:45,SEA00195,564.899,Occidental Park / Occidental Ave S & S Washington St,King Street Station Plaza / 2nd Ave Extension S & S Jackson St,PS-04,PS-05,Member,Female,1983
442,10/13/2014 11:37,10/13/2014 11:47,SEA00101,620.141,Occidental Park / Occidental Ave S & S Washington St,King Street Station Plaza / 2nd Ave Extension S & S Jackson St,PS-04,PS-05,Member,Male,1982
443,10/13/2014 11:37,10/13/2014 11:47,SEA00461,634.087,Occidental Park / Occidental Ave S & S Washington St,King Street Station Plaza / 2nd Ave Extension S & S Jackson St,PS-04,PS-05,Member,Male,1984
444,10/13/2014 11:37,10/13/2014 11:47,SEA00044,614.336,Occidental Park / Occidental Ave S & S Washington St,King Street Station Plaza / 2nd Ave Extension S & S Jackson St,PS-04,PS-05,Member,Male,1955
445,10/13/2014 11:37,10/13/2014 11:47,SEA00298,601.463,Occidental Park / Occidental Ave S & S Washington St,King Street Station Plaza / 2nd Ave Extension S & S Jackson St,PS-04,PS-05,Member,Male,1953
446,10/13/2014 11:37,10/13/2014 11:47,SEA00106,618.781,Occidental Park / Occidental Ave S & S Washington St,King Street Station Plaza / 2nd Ave Extension S & S Jackson St,PS-04,PS-05,Member,Female,1958
447,10/13/2014 11:37,10/13/2014 11:47,SEA00108,617.085,Occidental Park / Occidental Ave S & S Washington St,King Street Station Plaza / 2nd Ave Extension S & S Jackson St,PS-04,PS-05,Member,Male,1959
448,10/13/2014 11:37,10/13/2014 11:47,SEA00236,600.05,Occidental Park / Occidental Ave S & S Washington St,King Street Station Plaza / 2nd Ave Extension S & S Jackson St,PS-04,PS-05,Member,Male,1950
450,10/13/2014 11:40,10/13/2014 11:49,SEA00107,499.734,Occidental Park / Occidental Ave S & S Washington St,City Hall / 4th Ave & James St,PS-04,CBD-07,Member,Female,1976
452,10/13/2014 11:41,10/13/2014 11:51,SEA00259,575.307,Occidental Park / Occidental Ave S & S Washington St,1st Ave & Marion St,PS-04,CBD-05,Member,Male,1986
453,10/13/2014 11:41,10/13/2014 11:51,SEA00178,571.807,Occidental Park / Occidental Ave S & S Washington St,1st Ave & Marion St,PS-04,CBD-05,Member,Male,1953
454,10/13/2014 11:41,10/13/2014 11:51,SEA00123,563.763,Occidental Park / Occidental Ave S & S Washington St,1st Ave & Marion St,PS-04,CBD-05,Member,Male,1986
455,10/13/2014 11:42,10/13/2014 11:49,SEA00373,437.689,Occidental Park / Occidental Ave S & S Washington St,City Hall / 4th Ave & James St,PS-04,CBD-07,Member,Male,1967
456,10/13/2014 11:43,10/13/2014 11:51,SEA00121,483.154,Occidental Park / Occidental Ave S & S Washington St,1st Ave & Marion St,PS-04,CBD-05,Member,Female,1986
457,10/13/2014 11:43,10/13/2014 11:51,SEA00029,479.382,Occidental Park / Occidental Ave S & S Washington St,1st Ave & Marion St,PS-04,CBD-05,Member,Female,1987
458,10/13/2014 11:43,10/13/2014 11:52,SEA00436,533.532,Occidental Park / Occidental Ave S & S Washington St,1st Ave & Marion St,PS-04,CBD-05,Member,Female,1987
459,10/13/2014 11:43,10/13/2014 11:51,SEA00118,481.629,Occidental Park / Occidental Ave S & S Washington St,1st Ave & Marion St,PS-04,CBD-05,Member,Male,1974
460,10/13/2014 11:43,10/13/2014 11:51,SEA00177,460.772,Occidental Park / Occidental Ave S & S Washington St,1st Ave & Marion St,PS-04,CBD-05,Member,Male,1967
461,10/13/2014 11:43,10/13/2014 11:51,SEA00348,459.165,Occidental Park / Occidental Ave S & S Washington St,1st Ave & Marion St,PS-04,CBD-05,Member,Female,1983
462,10/13/2014 11:44,10/13/2014 11:55,SEA00459,680.457,Occidental Park / Occidental Ave S & S Washington St,2nd Ave & Spring St,PS-04,CBD-06,Member,Male,1970
463,10/13/2014 11:44,10/13/2014 12:00,SEA00296,920.055,Occidental Park / Occidental Ave S & S Washington St,2nd Ave & Spring St,PS-04,CBD-06,Member,Female,1969
464,10/13/2014 11:44,10/13/2014 12:00,SEA00250,936.874,Occidental Park / Occidental Ave S & S Washington St,2nd Ave & Spring St,PS-04,CBD-06,Member,Male,1986
465,10/13/2014 11:45,10/13/2014 12:00,SEA00303,937.166,Occidental Park / Occidental Ave S & S Washington St,2nd Ave & Spring St,PS-04,CBD-06,Member,Male,1960
466,10/13/2014 11:45,10/13/2014 12:02,SEA00344,1055.575,Occidental Park / Occidental Ave S & S Washington St,2nd Ave & Spring St,PS-04,CBD-06,Member,Male,1973
467,10/13/2014 11:45,10/13/2014 12:00,SEA00155,860.538,Occidental Park / Occidental Ave S & S Washington St,2nd Ave & Spring St,PS-04,CBD-06,Member,Female,1989
468,10/13/2014 11:45,10/13/2014 12:00,SEA00070,923.321,Occidental Park / Occidental Ave S & S Washington St,2nd Ave & Spring St,PS-04,CBD-06,Member,Male,1946
469,10/13/2014 11:46,10/13/2014 11:51,SEA00428,320.577,Occidental Park / Occidental Ave S & S Washington St,1st Ave & Marion St,PS-04,CBD-05,Member,Male,1983
471,10/13/2014 11:49,10/13/2014 11:59,SEA00309,645.662,Occidental Park / Occidental Ave S & S Washington St,6th Ave S & S King St,PS-04,ID-04,Member,Male,1970
473,10/13/2014 11:49,10/13/2014 12:00,SEA00208,650.655,Occidental Park / Occidental Ave S & S Washington St,6th Ave S & S King St,PS-04,ID-04,Member,Female,1987
474,10/13/2014 11:49,10/13/2014 11:59,SEA00076,625.986,Occidental Park / Occidental Ave S & S Washington St,6th Ave S & S King St,PS-04,ID-04,Member,Female,1959
475,10/13/2014 11:49,10/13/2014 11:59,SEA00172,623.002,Occidental Park / Occidental Ave S & S Washington St,6th Ave S & S King St,PS-04,ID-04,Member,Male,1971
476,10/13/2014 11:49,10/13/2014 11:59,SEA00032,622.753,Occidental Park / Occidental Ave S & S Washington St,6th Ave S & S King St,PS-04,ID-04,Member,Female,1956
477,10/13/2014 11:49,10/13/2014 12:06,SEA00130,1014.444,City Hall / 4th Ave & James St,E Pine St & 16th Ave,CBD-07,CH-07,Member,Male,1983
478,10/13/2014 11:51,10/13/2014 12:01,SEA00445,611.484,Occidental Park / Occidental Ave S & S Washington St,6th Ave S & S King St,PS-04,ID-04,Member,Female,1951
479,10/13/2014 11:51,10/13/2014 12:04,SEA00247,765.908,Occidental Park / Occidental Ave S & S Washington St,2nd Ave & Spring St,PS-04,CBD-06,Member,Male,1981
480,10/13/2014 11:51,10/13/2014 12:01,SEA00236,626.845,King Street Station Plaza / 2nd Ave Extension S & S Jackson St,Seattle Aquarium / Alaskan Way S & Elliott Bay Trail,PS-05,WF-04,Member,Male,1953
481,10/13/2014 11:51,10/13/2014 12:11,SEA00353,1175.053,Occidental Park / Occidental Ave S & S Washington St,Westlake Ave & 6th Ave,PS-04,SLU-15,Member,Male,1982
482,10/13/2014 11:51,10/13/2014 12:11,SEA00062,1174.231,Occidental Park / Occidental Ave S & S Washington St,Westlake Ave & 6th Ave,PS-04,SLU-15,Member,Male,1983
483,10/13/2014 11:51,10/13/2014 12:04,SEA00390,766.411,Occidental Park / Occidental Ave S & S Washington St,2nd Ave & Spring St,PS-04,CBD-06,Member,Male,1988
484,10/13/2014 11:51,10/13/2014 12:01,SEA00461,606.667,King Street Station Plaza / 2nd Ave Extension S & S Jackson St,Seattle Aquarium / Alaskan Way S & Elliott Bay Trail,PS-05,WF-04,Member,Male,1950
485,10/13/2014 11:51,10/13/2014 12:04,SEA00440,733.031,Occidental Park / Occidental Ave S & S Washington St,2nd Ave & Spring St,PS-04,CBD-06,Member,Female,1979
486,10/13/2014 11:51,10/13/2014 12:05,SEA00263,787.683,Occidental Park / Occidental Ave S & S Washington St,2nd Ave & Spring St,PS-04,CBD-06,Member,Female,1988
487,10/13/2014 11:52,10/13/2014 12:04,SEA00183,752.147,Occidental Park / Occidental Ave S & S Washington St,2nd Ave & Spring St,PS-04,CBD-06,Member,Female,1960
488,10/13/2014 11:52,10/13/2014 11:55,SEA00486,203.943,King Street Station Plaza / 2nd Ave Extension S & S Jackson St,Occidental Park / Occidental Ave S & S Washington St,PS-05,PS-04,Member,Male,1984
489,10/13/2014 11:52,10/13/2014 12:02,SEA00123,614.172,1st Ave & Marion St,2nd Ave & Pine St,CBD-05,CBD-13,Member,Male,1972
490,10/13/2014 11:54,10/13/2014 12:39,SEA00048,2676.788,E Harrison St & Broadway Ave E,Cal Anderson Park / 11th Ave & Pine St,CH-02,CH-08,Member,Male,1990
492,10/13/2014 11:55,10/13/2014 12:39,SEA00214,2684.59,E Harrison St & Broadway Ave E,Cal Anderson Park / 11th Ave & Pine St,CH-02,CH-08,Member,Other,1981
493,10/13/2014 11:57,10/13/2014 12:05,SEA00298,488.523,King Street Station Plaza / 2nd Ave Extension S & S Jackson St,1st Ave & Marion St,PS-05,CBD-05,Member,Male,1982
494,10/13/2014 11:58,10/13/2014 12:39,SEA00104,2444.973,E Harrison St & Broadway Ave E,Cal Anderson Park / 11th Ave & Pine St,CH-02,CH-08,Member,Other,1967
495,10/13/2014 11:59,10/13/2014 12:19,SEA00412,1213.319,9th Ave N & Mercer St,Fred Hutchinson Cancer Research Center / Fairview Ave N & Ward St,DPD-01,EL-01,Member,Male,1968
497,10/13/2014 12:02,10/13/2014 12:40,SEA00438,2286.013,Burke-Gilman Trail / NE Blakeley St & 24th Ave NE,Children's Hospital / Sandpoint Way NE & 40th Ave NE,UD-01,DPD-03,Member,Male,1955
498,10/13/2014 12:02,10/13/2014 12:20,SEA00037,1066.697,Burke-Gilman Trail / NE Blakeley St & 24th Ave NE,Children's Hospital / Sandpoint Way NE & 40th Ave NE,UD-01,DPD-03,Member,Male,1972
499,10/13/2014 12:02,10/13/2014 14:28,SEA00080,8737.446,Occidental Park / Occidental Ave S & S Washington St,3rd Ave & Broad St,PS-04,BT-01,Member,Male,1950
500,10/13/2014 12:04,10/13/2014 12:10,SEA00344,353.58,2nd Ave & Spring St,2nd Ave & Pine St,CBD-06,CBD-13,Member,Male,1946
501,10/13/2014 12:04,10/13/2014 12:13,SEA00236,535.867,Seattle Aquarium / Alaskan Way S & Elliott Bay Trail,Pier 69 / Alaskan Way & Clay St,WF-04,WF-01,Member,Male,1953
502,10/13/2014 12:05,10/13/2014 12:13,SEA00461,531.244,Seattle Aquarium / Alaskan Way S & Elliott Bay Trail,Pier 69 / Alaskan Way & Clay St,WF-04,WF-01,Member,Male,1950
503,10/13/2014 12:05,10/13/2014 12:16,SEA00058,666.619,6th Ave & Blanchard St,2nd Ave & Vine St,BT-04,BT-03,Member,Male,1989
504,10/13/2014 12:05,10/13/2014 12:45,SEA00405,2372.291,6th Ave & Blanchard St,12th Ave & NE Campus Pkwy,BT-04,UD-04,Member,Male,1964
506,10/13/2014 12:08,10/13/2014 19:07,SEA00155,25119.114,2nd Ave & Spring St,2nd Ave & Vine St,CBD-06,BT-03,Member,Male,1988
507,10/13/2014 12:11,10/13/2014 12:16,SEA00321,332.457,City Hall / 4th Ave & James St,City Hall / 4th Ave & James St,CBD-07,CBD-07,Short-Term Pass Holder,,
508,10/13/2014 12:11,10/13/2014 12:25,SEA00183,872.985,2nd Ave & Spring St,Occidental Park / Occidental Ave S & S Washington St,CBD-06,PS-04,Member,Female,1960
509,10/13/2014 12:13,10/13/2014 12:20,SEA00440,415.388,2nd Ave & Spring St,7th Ave & Union St,CBD-06,CBD-03,Member,Male,1970
510,10/13/2014 12:15,10/13/2014 12:31,SEA00218,1001.381,Burke Museum / E Stevens Way NE & Memorial Way NE,UW Intramural Activities Building,UW-02,UW-07,Member,Male,1983
511,10/13/2014 12:15,10/13/2014 12:31,SEA00467,986.797,Burke Museum / E Stevens Way NE & Memorial Way NE,UW Intramural Activities Building,UW-02,UW-07,Member,Female,1989
512,10/13/2014 12:15,10/13/2014 12:31,SEA00173,979.928,Burke Museum / E Stevens Way NE & Memorial Way NE,UW Intramural Activities Building,UW-02,UW-07,Member,Female,1952
513,10/13/2014 12:17,10/13/2014 12:22,SEA00459,353.611,2nd Ave & Spring St,Occidental Park / Occidental Ave S & S Washington St,CBD-06,PS-04,Member,Male,1981
516,10/13/2014 12:19,10/13/2014 12:21,SEA00052,132.414,Burke-Gilman Trail / NE Blakeley St & 24th Ave NE,Burke-Gilman Trail / NE Blakeley St & 24th Ave NE,UD-01,UD-01,Member,Male,1975
517,10/13/2014 12:19,10/13/2014 12:34,SEA00145,888.627,Occidental Park / Occidental Ave S & S Washington St,2nd Ave & Vine St,PS-04,BT-03,Member,Male,1967
518,10/13/2014 12:20,10/13/2014 12:31,SEA00321,690.793,City Hall / 4th Ave & James St,2nd Ave & Blanchard St,CBD-07,BT-05,Short-Term Pass Holder,,
519,10/13/2014 12:20,10/13/2014 12:26,SEA00089,351.563,1st Ave & Marion St,2nd Ave & Spring St,CBD-05,CBD-06,Member,Female,1949
520,10/13/2014 12:21,10/13/2014 12:32,SEA00028,653.071,Burke Museum / E Stevens Way NE & Memorial Way NE,UW Intramural Activities Building,UW-02,UW-07,Member,Female,1991
521,10/13/2014 12:31,10/13/2014 12:57,SEA00140,1593.079,Occidental Park / Occidental Ave S & S Washington St,Occidental Park / Occidental Ave S & S Washington St,PS-04,PS-04,Member,Male,1982
522,10/13/2014 12:32,10/13/2014 12:57,SEA00110,1490.281,Occidental Park / Occidental Ave S & S Washington St,6th Ave & Blanchard St,PS-04,BT-04,Member,Male,1978
523,10/13/2014 12:32,10/13/2014 12:36,SEA00076,213.559,Occidental Park / Occidental Ave S & S Washington St,King Street Station Plaza / 2nd Ave Extension S & S Jackson St,PS-04,PS-05,Member,Male,1950
524,10/13/2014 12:32,10/13/2014 12:40,SEA00247,471.424,2nd Ave & Spring St,7th Ave & Union St,CBD-06,CBD-03,Member,Female,1946
525,10/13/2014 12:32,10/13/2014 12:40,SEA00089,488.079,2nd Ave & Spring St,7th Ave & Union St,CBD-06,CBD-03,Member,Female,1949
526,10/13/2014 12:35,10/13/2014 12:47,SEA00058,717.698,2nd Ave & Vine St,2nd Ave & Spring St,BT-03,CBD-06,Member,Male,1953
527,10/13/2014 12:35,10/13/2014 12:46,SEA00063,689.523,2nd Ave & Vine St,2nd Ave & Spring St,BT-03,CBD-06,Member,Male,1950
528,10/13/2014 12:39,10/13/2014 12:45,SEA00415,357.776,6th Ave S & S King St,Occidental Park / Occidental Ave S & S Washington St,ID-04,PS-04,Member,Male,1975
530,10/13/2014 12:43,10/13/2014 12:48,SEA00311,278.849,King Street Station Plaza / 2nd Ave Extension S & S Jackson St,King Street Station Plaza / 2nd Ave Extension S & S Jackson St,PS-05,PS-05,Short-Term Pass Holder,,
531,10/13/2014 12:46,10/13/2014 12:47,SEA00151,77.656,9th Ave N & Mercer St,9th Ave N & Mercer St,DPD-01,DPD-01,Member,Male,1985
533,10/13/2014 12:48,10/13/2014 12:51,SEA00269,179.939,NE 42nd St & University Way NE,12th Ave & NE Campus Pkwy,UD-02,UD-04,Short-Term Pass Holder,,
534,10/13/2014 12:48,10/13/2014 12:58,SEA00355,590.698,9th Ave N & Mercer St,Dexter Ave & Denny Way,DPD-01,SLU-18,Short-Term Pass Holder,,
535,10/13/2014 12:49,10/13/2014 12:52,SEA00499,193.828,6th Ave & Blanchard St,Westlake Ave & 6th Ave,BT-04,SLU-15,Member,Male,1981
536,10/13/2014 12:53,10/13/2014 12:58,SEA00177,258.419,1st Ave & Marion St,2nd Ave & Spring St,CBD-05,CBD-06,Member,Male,1978
537,10/13/2014 12:54,10/13/2014 12:59,SEA00269,335.591,12th Ave & NE Campus Pkwy,NE 42nd St & University Way NE,UD-04,UD-02,Short-Term Pass Holder,,
538,10/13/2014 12:54,10/13/2014 13:15,SEA00464,1254.226,NE 42nd St & University Way NE,Children's Hospital / Sandpoint Way NE & 40th Ave NE,UD-02,DPD-03,Member,Male,1987
539,10/13/2014 12:57,10/13/2014 13:04,SEA00308,425.148,Occidental Park / Occidental Ave S & S Washington St,1st Ave & Marion St,PS-04,CBD-05,Member,Female,1963
540,10/13/2014 12:58,10/13/2014 13:18,SEA00344,1189.182,2nd Ave & Pine St,2nd Ave & Pine St,CBD-13,CBD-13,Member,Male,1976
541,10/13/2014 12:59,10/13/2014 13:16,SEA00230,1003.336,Frye Art Museum / Terry Ave & Columbia St,Frye Art Museum / Terry Ave & Columbia St,FH-01,FH-01,Short-Term Pass Holder,,
542,10/13/2014 13:01,10/13/2014 13:13,SEA00034,735.127,Harvard Ave & E Pine St,E Harrison St & Broadway Ave E,CH-09,CH-02,Member,Male,1946
543,10/13/2014 13:02,10/13/2014 13:10,SEA00353,518.048,Westlake Ave & 6th Ave,Westlake Ave & 6th Ave,SLU-15,SLU-15,Member,Male,1977
544,10/13/2014 13:02,10/13/2014 13:12,SEA00043,607.141,Dexter Ave & Denny Way,2nd Ave & Spring St,SLU-18,CBD-06,Short-Term Pass Holder,,
545,10/13/2014 13:03,10/13/2014 13:16,SEA00444,758.603,6th Ave & Blanchard St,Occidental Park / Occidental Ave S & S Washington St,BT-04,PS-04,Member,Male,1981
546,10/13/2014 13:04,10/13/2014 13:14,SEA00485,616.752,UW Magnuson Health Sciences Center Rotunda / Columbia Rd & San Juan Rd,UW Magnuson Health Sciences Center Rotunda / Columbia Rd & San Juan Rd,UW-10,UW-10,Member,Male,1958
547,10/13/2014 13:05,10/13/2014 13:30,SEA00250,1516.688,2nd Ave & Spring St,2nd Ave & Vine St,CBD-06,BT-03,Member,Male,1976
548,10/13/2014 13:07,10/13/2014 13:22,SEA00459,870.243,Occidental Park / Occidental Ave S & S Washington St,1st Ave & Marion St,PS-04,CBD-05,Member,Female,1973
549,10/13/2014 13:07,10/13/2014 13:22,SEA00110,883.781,6th Ave & Blanchard St,Key Arena / 1st Ave N & Harrison St,BT-04,SLU-19,Member,Male,1978
550,10/13/2014 13:08,10/13/2014 13:15,SEA00068,384.491,12th Ave & E Mercer St,E Harrison St & Broadway Ave E,CH-15,CH-02,Member,Male,1987
551,10/13/2014 13:08,10/13/2014 13:09,SEA00321,69.51,2nd Ave & Blanchard St,2nd Ave & Blanchard St,BT-05,BT-05,Short-Term Pass Holder,,
552,10/13/2014 13:09,10/13/2014 13:18,SEA00204,524.861,REI / Yale Ave N & John St,REI / Yale Ave N & John St,SLU-01,SLU-01,Member,Female,1990
553,10/13/2014 13:09,10/13/2014 13:27,SEA00140,1071.535,Occidental Park / Occidental Ave S & S Washington St,Harvard Ave & E Pine St,PS-04,CH-09,Member,Male,1982
554,10/13/2014 13:16,10/13/2014 13:24,SEA00068,466.29,E Harrison St & Broadway Ave E,Cal Anderson Park / 11th Ave & Pine St,CH-02,CH-08,Member,Male,1946
555,10/13/2014 13:18,10/13/2014 13:21,SEA00225,215.288,E Harrison St & Broadway Ave E,12th Ave & E Mercer St,CH-02,CH-15,Member,Male,1987
556,10/13/2014 13:20,10/13/2014 13:30,SEA00182,601.665,2nd Ave & Spring St,1st Ave & Marion St,CBD-06,CBD-05,Short-Term Pass Holder,,
557,10/13/2014 13:20,10/13/2014 13:33,SEA00276,746.342,NE 47th St & 12th Ave NE,UW Magnuson Health Sciences Center Rotunda / Columbia Rd & San Juan Rd,UD-07,UW-10,Member,Male,1979
558,10/13/2014 13:21,10/13/2014 13:33,SEA00057,714.822,NE 47th St & 12th Ave NE,UW Magnuson Health Sciences Center Rotunda / Columbia Rd & San Juan Rd,UD-07,UW-10,Member,Male,1974
561,10/13/2014 13:27,10/13/2014 13:33,SEA00063,364.088,2nd Ave & Spring St,Occidental Park / Occidental Ave S & S Washington St,CBD-06,PS-04,Short-Term Pass Holder,,
562,10/13/2014 13:30,10/13/2014 13:42,SEA00071,713.859,7th Ave & Union St,Cal Anderson Park / 11th Ave & Pine St,CBD-03,CH-08,Member,Female,1946
563,10/13/2014 13:30,10/13/2014 13:42,SEA00190,739.791,7th Ave & Union St,Cal Anderson Park / 11th Ave & Pine St,CBD-03,CH-08,Member,Female,1949
564,10/13/2014 13:32,10/13/2014 13:42,SEA00048,579.836,Cal Anderson Park / 11th Ave & Pine St,15th Ave E & E Thomas St,CH-08,CH-05,Member,Male,1946
565,10/13/2014 12:37,10/13/2014 12:47,SEA00467,618.777,UW Intramural Activities Building,UW McCarty Hall / Whitman Ct,UW-07,UW-01,Member,Female,1989
566,10/13/2014 12:39,10/13/2014 12:49,SEA00100,627.052,UW Intramural Activities Building,Burke Museum / E Stevens Way NE & Memorial Way NE,UW-07,UW-02,Member,Female,1991
568,10/13/2014 13:36,10/13/2014 13:44,SEA00309,465.569,6th Ave S & S King St,Occidental Park / Occidental Ave S & S Washington St,ID-04,PS-04,Member,Female,1951
569,10/13/2014 13:36,10/13/2014 14:29,SEA00433,3202.246,UW Magnuson Health Sciences Center Rotunda / Columbia Rd & San Juan Rd,Burke-Gilman Trail / NE Blakeley St & 24th Ave NE,UW-10,UD-01,Member,Male,1979
570,10/13/2014 13:36,10/13/2014 13:52,SEA00063,930.967,Occidental Park / Occidental Ave S & S Washington St,PATH / 9th Ave & Westlake Ave,PS-04,SLU-07,Short-Term Pass Holder,,
571,10/13/2014 13:36,10/13/2014 14:22,SEA00148,2755.71,E Harrison St & Broadway Ave E,Harvard Ave & E Pine St,CH-02,CH-09,Short-Term Pass Holder,,
572,10/13/2014 13:36,10/13/2014 13:45,SEA00034,549.146,E Harrison St & Broadway Ave E,Harvard Ave & E Pine St,CH-02,CH-09,Short-Term Pass Holder,,
573,10/13/2014 13:36,10/13/2014 13:55,SEA00057,1126.403,UW Magnuson Health Sciences Center Rotunda / Columbia Rd & San Juan Rd,Burke-Gilman Trail / NE Blakeley St & 24th Ave NE,UW-10,UD-01,Member,Male,1974
574,10/13/2014 13:38,10/13/2014 13:56,SEA00110,1086.674,Key Arena / 1st Ave N & Harrison St,King Street Station Plaza / 2nd Ave Extension S & S Jackson St,SLU-19,PS-05,Member,Male,1978
575,10/13/2014 13:40,10/13/2014 14:03,SEA00202,1400.333,King Street Station Plaza / 2nd Ave Extension S & S Jackson St,Lake Union Park / Valley St & Boren Ave N,PS-05,SLU-17,Member,Female,1958
577,10/13/2014 13:43,10/13/2014 13:52,SEA00037,528.344,Children's Hospital / Sandpoint Way NE & 40th Ave NE,Burke-Gilman Trail / NE Blakeley St & 24th Ave NE,DPD-03,UD-01,Member,Male,1972
578,10/13/2014 13:44,10/13/2014 14:09,SEA00497,1499.49,Seattle Aquarium / Alaskan Way S & Elliott Bay Trail,Seattle Aquarium / Alaskan Way S & Elliott Bay Trail,WF-04,WF-04,Member,Male,1968
579,10/13/2014 13:45,10/13/2014 14:09,SEA00461,1467.996,Pier 69 / Alaskan Way & Clay St,Westlake Ave & 6th Ave,WF-01,SLU-15,Short-Term Pass Holder,,
580,10/13/2014 13:45,10/13/2014 13:49,SEA00128,241.254,15th Ave E & E Thomas St,E Pine St & 16th Ave,CH-05,CH-07,Member,Male,1946
581,10/13/2014 13:46,10/13/2014 14:09,SEA00236,1414.177,Pier 69 / Alaskan Way & Clay St,Westlake Ave & 6th Ave,WF-01,SLU-15,Short-Term Pass Holder,,
582,10/13/2014 13:49,10/13/2014 13:56,SEA00335,457.588,Cal Anderson Park / 11th Ave & Pine St,12th Ave & E Mercer St,CH-08,CH-15,Member,Other,1967
583,10/13/2014 13:51,10/13/2014 13:59,SEA00349,472.548,Dexter Ave N & Aloha St,Westlake Ave & 6th Ave,SLU-02,SLU-15,Member,Male,1980
586,10/13/2014 13:56,10/13/2014 14:08,SEA00444,692.33,Occidental Park / Occidental Ave S & S Washington St,Westlake Ave & 6th Ave,PS-04,SLU-15,Member,Male,1981
587,10/13/2014 13:57,10/13/2014 14:05,SEA00123,532.93,2nd Ave & Pine St,Occidental Park / Occidental Ave S & S Washington St,CBD-13,PS-04,Member,Female,1956
588,10/13/2014 13:58,10/13/2014 14:12,SEA00079,879.996,Occidental Park / Occidental Ave S & S Washington St,7th Ave & Union St,PS-04,CBD-03,Member,Female,1951
590,10/13/2014 14:03,10/13/2014 14:07,SEA00373,284.349,City Hall / 4th Ave & James St,6th Ave S & S King St,CBD-07,ID-04,Short-Term Pass Holder,,
591,10/13/2014 14:03,10/13/2014 14:35,SEA00456,1901.545,REI / Yale Ave N & John St,Seattle Aquarium / Alaskan Way S & Elliott Bay Trail,SLU-01,WF-04,Short-Term Pass Holder,,
592,10/13/2014 14:05,10/13/2014 14:35,SEA00297,1778.2,REI / Yale Ave N & John St,Seattle Aquarium / Alaskan Way S & Elliott Bay Trail,SLU-01,WF-04,Short-Term Pass Holder,,
593,10/13/2014 14:05,10/13/2014 14:07,SEA00071,107.847,Cal Anderson Park / 11th Ave & Pine St,Harvard Ave & E Pine St,CH-08,CH-09,Member,Male,1990
594,10/13/2014 14:05,10/13/2014 14:11,SEA00177,320.165,2nd Ave & Spring St,Occidental Park / Occidental Ave S & S Washington St,CBD-06,PS-04,Member,Male,1978
595,10/13/2014 14:06,10/13/2014 14:12,SEA00130,362.646,E Pine St & 16th Ave,Harvard Ave & E Pine St,CH-07,CH-09,Member,Other,1992
596,10/13/2014 14:06,10/13/2014 14:35,SEA00204,1718.521,REI / Yale Ave N & John St,Seattle Aquarium / Alaskan Way S & Elliott Bay Trail,SLU-01,WF-04,Short-Term Pass Holder,,
599,10/13/2014 14:12,10/13/2014 14:18,SEA00308,348.71,1st Ave & Marion St,Occidental Park / Occidental Ave S & S Washington St,CBD-05,PS-04,Member,Male,1967
600,10/13/2014 14:12,10/13/2014 14:18,SEA00131,356.934,1st Ave & Marion St,Occidental Park / Occidental Ave S & S Washington St,CBD-05,PS-04,Member,Female,1983
601,10/13/2014 14:12,10/13/2014 14:18,SEA00348,346.802,1st Ave & Marion St,Occidental Park / Occidental Ave S & S Washington St,CBD-05,PS-04,Member,Male,1974
602,10/13/2014 14:12,10/13/2014 14:18,SEA00436,350.192,1st Ave & Marion St,Occidental Park / Occidental Ave S & S Washington St,CBD-05,PS-04,Member,Female,1987
603,10/13/2014 14:13,10/13/2014 14:39,SEA00388,1580.701,REI / Yale Ave N & John St,1st Ave & Marion St,SLU-01,CBD-05,Short-Term Pass Holder,,
604,10/13/2014 14:14,10/13/2014 14:39,SEA00419,1548.516,REI / Yale Ave N & John St,1st Ave & Marion St,SLU-01,CBD-05,Short-Term Pass Holder,,
605,10/13/2014 14:14,10/13/2014 14:16,SEA00026,146.367,E Harrison St & Broadway Ave E,E Harrison St & Broadway Ave E,CH-02,CH-02,Short-Term Pass Holder,,
606,10/13/2014 14:15,10/13/2014 14:39,SEA00050,1435.746,6th Ave S & S King St,Pier 69 / Alaskan Way & Clay St,ID-04,WF-01,Short-Term Pass Holder,,
607,10/13/2014 14:15,10/13/2014 14:39,SEA00445,1421.293,6th Ave S & S King St,Pier 69 / Alaskan Way & Clay St,ID-04,WF-01,Short-Term Pass Holder,,
608,10/13/2014 14:16,10/13/2014 15:08,SEA00435,3151.168,Seattle Aquarium / Alaskan Way S & Elliott Bay Trail,Pier 69 / Alaskan Way & Clay St,WF-04,WF-01,Short-Term Pass Holder,,
609,10/13/2014 14:16,10/13/2014 14:38,SEA00420,1318.681,Cal Anderson Park / 11th Ave & Pine St,15th Ave NE & NE 40th St,CH-08,UW-04,Member,Female,1946
611,10/13/2014 14:16,10/13/2014 14:38,SEA00190,1293.239,Cal Anderson Park / 11th Ave & Pine St,15th Ave NE & NE 40th St,CH-08,UW-04,Member,Female,1949
612,10/13/2014 14:17,10/13/2014 14:20,SEA00335,228.691,12th Ave & E Mercer St,E Harrison St & Broadway Ave E,CH-15,CH-02,Member,Male,1975
614,10/13/2014 14:18,10/13/2014 14:24,SEA00407,403.445,12th Ave & NE Campus Pkwy,NE 42nd St & University Way NE,UD-04,UD-02,Short-Term Pass Holder,,
615,10/13/2014 14:18,10/13/2014 14:38,SEA00077,1246.316,E Harrison St & Broadway Ave E,NE 47th St & 12th Ave NE,CH-02,UD-07,Member,Male,1990
616,10/13/2014 14:18,10/13/2014 14:26,SEA00039,481.343,E Harrison St & Broadway Ave E,E Harrison St & Broadway Ave E,CH-02,CH-02,Short-Term Pass Holder,,
617,10/13/2014 14:18,10/13/2014 14:34,SEA00021,970.064,7th Ave & Union St,Occidental Park / Occidental Ave S & S Washington St,CBD-03,PS-04,Member,Female,1951
618,10/13/2014 14:20,10/13/2014 14:34,SEA00029,813.073,1st Ave & Marion St,1st Ave & Marion St,CBD-05,CBD-05,Member,Female,1967
619,10/13/2014 14:20,10/13/2014 14:31,SEA00310,632.044,6th Ave & Blanchard St,1st Ave & Marion St,BT-04,CBD-05,Member,Female,1972
620,10/13/2014 14:21,10/13/2014 14:26,SEA00447,301.79,UW Engineering Library / E Stevens Way NE & Jefferson Rd,15th Ave NE & NE 40th St,UW-06,UW-04,Member,Male,1981
623,10/13/2014 14:23,10/13/2014 14:29,SEA00475,328.193,Harvard Ave & E Pine St,REI / Yale Ave N & John St,CH-09,SLU-01,Member,Other,1992
624,10/13/2014 14:24,10/13/2014 14:48,SEA00158,1484.838,6th Ave S & S King St,Seattle Aquarium / Alaskan Way S & Elliott Bay Trail,ID-04,WF-04,Short-Term Pass Holder,,
625,10/13/2014 14:24,10/13/2014 14:48,SEA00430,1480.695,6th Ave S & S King St,Seattle Aquarium / Alaskan Way S & Elliott Bay Trail,ID-04,WF-04,Short-Term Pass Holder,,
626,10/13/2014 14:24,10/13/2014 14:51,SEA00348,1620.594,Occidental Park / Occidental Ave S & S Washington St,Occidental Park / Occidental Ave S & S Washington St,PS-04,PS-04,Short-Term Pass Holder,,
627,10/13/2014 14:24,10/13/2014 14:37,SEA00415,736.233,Occidental Park / Occidental Ave S & S Washington St,1st Ave & Marion St,PS-04,CBD-05,Member,Female,1983
628,10/13/2014 14:25,10/13/2014 14:33,SEA00308,523.783,Occidental Park / Occidental Ave S & S Washington St,1st Ave & Marion St,PS-04,CBD-05,Member,Male,1967
629,10/13/2014 14:25,10/13/2014 14:34,SEA00177,514.921,Occidental Park / Occidental Ave S & S Washington St,1st Ave & Marion St,PS-04,CBD-05,Member,Male,1974
630,10/13/2014 14:25,10/13/2014 14:31,SEA00436,363.981,Occidental Park / Occidental Ave S & S Washington St,1st Ave & Marion St,PS-04,CBD-05,Member,Female,1987
631,10/13/2014 14:26,10/13/2014 14:30,SEA00335,245.043,E Harrison St & Broadway Ave E,12th Ave & E Mercer St,CH-02,CH-15,Member,Male,1975
632,10/13/2014 14:28,10/13/2014 14:49,SEA00141,1279.565,Burke-Gilman Trail / NE Blakeley St & 24th Ave NE,NE 47th St & 12th Ave NE,UD-01,UD-07,Member,Male,1974
633,10/13/2014 14:32,10/13/2014 14:40,SEA00461,466.267,Westlake Ave & 6th Ave,Occidental Park / Occidental Ave S & S Washington St,SLU-15,PS-04,Member,Male,1980
634,10/13/2014 14:32,10/13/2014 14:56,SEA00386,1424.439,E Harrison St & Broadway Ave E,NE 42nd St & University Way NE,CH-02,UD-02,Short-Term Pass Holder,,
635,10/13/2014 14:32,10/13/2014 14:56,SEA00494,1424.11,E Harrison St & Broadway Ave E,NE 42nd St & University Way NE,CH-02,UD-02,Short-Term Pass Holder,,
636,10/13/2014 14:33,10/13/2014 14:39,SEA00411,390.948,Dexter Ave N & Aloha St,Republican St & Westlake Ave N,SLU-02,SLU-04,Member,Male,1981
637,10/13/2014 14:33,10/13/2014 14:49,SEA00053,960.969,Burke-Gilman Trail / NE Blakeley St & 24th Ave NE,NE 47th St & 12th Ave NE,UD-01,UD-07,Member,Male,1979
639,10/13/2014 14:47,10/13/2014 14:56,SEA00407,516.741,NE 42nd St & University Way NE,UW Magnuson Health Sciences Center Rotunda / Columbia Rd & San Juan Rd,UD-02,UW-10,Short-Term Pass Holder,,
640,10/13/2014 14:49,10/13/2014 14:55,SEA00350,351.618,12th Ave & NE Campus Pkwy,Eastlake Ave E & E Allison St,UD-04,EL-05,Member,Female,1946
641,10/13/2014 14:49,10/13/2014 14:56,SEA00263,431.245,2nd Ave & Spring St,King Street Station Plaza / 2nd Ave Extension S & S Jackson St,CBD-06,PS-05,Short-Term Pass Holder,,
642,10/13/2014 14:49,10/13/2014 14:56,SEA00043,434.322,2nd Ave & Spring St,King Street Station Plaza / 2nd Ave Extension S & S Jackson St,CBD-06,PS-05,Short-Term Pass Holder,,
643,10/13/2014 14:49,10/13/2014 15:01,SEA00293,706.313,15th Ave NE & NE 40th St,Eastlake Ave E & E Allison St,UW-04,EL-05,Member,Male,1948
644,10/13/2014 14:49,10/13/2014 14:54,SEA00405,320.279,12th Ave & NE Campus Pkwy,Eastlake Ave E & E Allison St,UD-04,EL-05,Member,Female,1949
645,10/13/2014 14:50,10/13/2014 14:56,SEA00369,362.734,2nd Ave & Spring St,Occidental Park / Occidental Ave S & S Washington St,CBD-06,PS-04,Short-Term Pass Holder,,
646,10/13/2014 14:50,10/13/2014 14:56,SEA00390,366.75,2nd Ave & Spring St,Occidental Park / Occidental Ave S & S Washington St,CBD-06,PS-04,Short-Term Pass Holder,,
647,10/13/2014 14:51,10/13/2014 15:09,SEA00461,1084.156,Occidental Park / Occidental Ave S & S Washington St,Dexter Ave N & Aloha St,PS-04,SLU-02,Member,Male,1980
648,10/13/2014 14:53,10/13/2014 15:10,SEA00241,999.063,Lake Union Park / Valley St & Boren Ave N,7th Ave & Union St,SLU-17,CBD-03,Member,Male,1985
649,10/13/2014 14:54,10/13/2014 17:59,SEA00193,11144.159,NE 42nd St & University Way NE,NE 42nd St & University Way NE,UD-02,UD-02,Short-Term Pass Holder,,
650,10/13/2014 14:56,10/13/2014 15:02,SEA00348,371.074,Occidental Park / Occidental Ave S & S Washington St,Occidental Park / Occidental Ave S & S Washington St,PS-04,PS-04,Short-Term Pass Holder,,
651,10/13/2014 14:57,10/13/2014 15:13,SEA00192,1000.4,15th Ave E & E Thomas St,2nd Ave & Spring St,CH-05,CBD-06,Member,Male,1990
652,10/13/2014 14:58,10/13/2014 15:10,SEA00107,728.841,City Hall / 4th Ave & James St,7th Ave & Union St,CBD-07,CBD-03,Member,Male,1982
653,10/13/2014 15:01,10/13/2014 15:16,SEA00389,897.557,Children's Hospital / Sandpoint Way NE & 40th Ave NE,Children's Hospital / Sandpoint Way NE & 40th Ave NE,DPD-03,DPD-03,Member,Male,1986
654,10/13/2014 15:03,10/13/2014 15:11,SEA00344,504.48,2nd Ave & Pine St,Pine St & 9th Ave,CBD-13,SLU-16,Member,Male,1983
655,10/13/2014 15:03,10/13/2014 15:11,SEA00412,486.016,Fred Hutchinson Cancer Research Center / Fairview Ave N & Ward St,Fred Hutchinson Cancer Research Center / Fairview Ave N & Ward St,EL-01,EL-01,Member,Male,1966
656,10/13/2014 15:05,10/13/2014 15:23,SEA00350,1078.028,Eastlake Ave E & E Allison St,Lake Union Park / Valley St & Boren Ave N,EL-05,SLU-17,Member,Female,1949
657,10/13/2014 15:06,10/13/2014 15:23,SEA00405,1052.859,Eastlake Ave E & E Allison St,Lake Union Park / Valley St & Boren Ave N,EL-05,SLU-17,Member,Female,1946
658,10/13/2014 15:07,10/13/2014 15:25,SEA00101,1063.334,King Street Station Plaza / 2nd Ave Extension S & S Jackson St,Seattle University / E Columbia St & 12th Ave,PS-05,FH-04,Member,Male,1978
659,10/13/2014 15:14,10/13/2014 15:53,SEA00456,2337.228,Seattle Aquarium / Alaskan Way S & Elliott Bay Trail,7th Ave & Union St,WF-04,CBD-03,Member,Other,1982
660,10/13/2014 15:16,10/13/2014 15:47,SEA00392,1820.789,NE 42nd St & University Way NE,2nd Ave & Vine St,UD-02,BT-03,Member,Male,1976
661,10/13/2014 15:17,10/13/2014 15:20,SEA00048,208.896,15th Ave E & E Thomas St,12th Ave & E Mercer St,CH-05,CH-15,Member,Male,1964
662,10/13/2014 15:18,10/13/2014 15:53,SEA00238,2094.997,Lake Union Park / Valley St & Boren Ave N,Lake Union Park / Valley St & Boren Ave N,SLU-17,SLU-17,Short-Term Pass Holder,,
664,10/13/2014 15:19,10/13/2014 15:57,SEA00204,2261.1,Seattle Aquarium / Alaskan Way S & Elliott Bay Trail,Westlake Ave & 6th Ave,WF-04,SLU-15,Short-Term Pass Holder,,
665,10/13/2014 15:21,10/13/2014 17:16,SEA00433,6903.507,Burke-Gilman Trail / NE Blakeley St & 24th Ave NE,Republican St & Westlake Ave N,UD-01,SLU-04,Short-Term Pass Holder,,
666,10/13/2014 15:21,10/13/2014 15:27,SEA00058,371.906,2nd Ave & Spring St,King Street Station Plaza / 2nd Ave Extension S & S Jackson St,CBD-06,PS-05,Member,Male,1990
668,10/13/2014 15:24,10/13/2014 15:36,SEA00128,722.515,E Pine St & 16th Ave,E Pine St & 16th Ave,CH-07,CH-07,Member,Male,1967
669,10/13/2014 15:25,10/13/2014 15:50,SEA00419,1491.997,1st Ave & Marion St,Key Arena / 1st Ave N & Harrison St,CBD-05,SLU-19,Member,Female,1972
672,10/13/2014 15:33,10/13/2014 15:48,SEA00215,910.379,12th Ave & E Denny Way,12th Ave & E Denny Way,CH-06,CH-06,Member,Male,1980
674,10/13/2014 15:34,10/13/2014 15:37,SEA00351,174.854,Republican St & Westlake Ave N,Republican St & Westlake Ave N,SLU-04,SLU-04,Member,Male,1987
677,10/13/2014 15:36,10/13/2014 15:47,SEA00142,699.397,6th Ave S & S King St,Occidental Park / Occidental Ave S & S Washington St,ID-04,PS-04,Short-Term Pass Holder,,
678,10/13/2014 15:37,10/13/2014 15:48,SEA00096,691.497,UW Intramural Activities Building,Children's Hospital / Sandpoint Way NE & 40th Ave NE,UW-07,DPD-03,Short-Term Pass Holder,,
679,10/13/2014 15:37,10/13/2014 15:48,SEA00152,687.028,UW Intramural Activities Building,Children's Hospital / Sandpoint Way NE & 40th Ave NE,UW-07,DPD-03,Short-Term Pass Holder,,
680,10/13/2014 15:39,10/13/2014 15:57,SEA00267,1126.426,3rd Ave & Broad St,Summit Ave E & E Republican St,BT-01,CH-03,Member,Male,1977
681,10/13/2014 15:42,10/13/2014 15:59,SEA00311,1049.097,King Street Station Plaza / 2nd Ave Extension S & S Jackson St,Key Arena / 1st Ave N & Harrison St,PS-05,SLU-19,Member,Male,1955
683,10/13/2014 15:46,10/13/2014 16:05,SEA00415,1140.84,1st Ave & Marion St,City Hall / 4th Ave & James St,CBD-05,CBD-07,Member,Male,1968
684,10/13/2014 15:50,10/13/2014 16:08,SEA00475,1127.856,REI / Yale Ave N & John St,7th Ave & Union St,SLU-01,CBD-03,Member,Other,1992
685,10/13/2014 15:51,10/13/2014 16:07,SEA00348,976.277,Occidental Park / Occidental Ave S & S Washington St,Seattle Aquarium / Alaskan Way S & Elliott Bay Trail,PS-04,WF-04,Short-Term Pass Holder,,
686,10/13/2014 15:52,10/13/2014 15:57,SEA00071,266.759,Harvard Ave & E Pine St,E Pine St & 16th Ave,CH-09,CH-07,Member,Male,1986
688,10/13/2014 15:54,10/13/2014 16:00,SEA00208,375.865,6th Ave S & S King St,Occidental Park / Occidental Ave S & S Washington St,ID-04,PS-04,Member,Male,1990
689,10/13/2014 15:56,10/13/2014 16:16,SEA00405,1194.296,Lake Union Park / Valley St & Boren Ave N,2nd Ave & Spring St,SLU-17,CBD-06,Member,Female,1946
690,10/13/2014 15:56,10/13/2014 17:08,SEA00350,4294.17,Lake Union Park / Valley St & Boren Ave N,1st Ave & Marion St,SLU-17,CBD-05,Member,Female,1949
691,10/13/2014 15:57,10/13/2014 16:22,SEA00238,1488.38,Lake Union Park / Valley St & Boren Ave N,Lake Union Park / Valley St & Boren Ave N,SLU-17,SLU-17,Short-Term Pass Holder,,
692,10/13/2014 15:57,10/13/2014 16:10,SEA00080,759.511,3rd Ave & Broad St,Westlake Ave & 6th Ave,BT-01,SLU-15,Short-Term Pass Holder,,
693,10/13/2014 15:57,10/13/2014 16:10,SEA00273,770.199,3rd Ave & Broad St,Westlake Ave & 6th Ave,BT-01,SLU-15,Short-Term Pass Holder,,
694,10/13/2014 15:58,10/13/2014 16:05,SEA00456,409.011,7th Ave & Union St,Republican St & Westlake Ave N,CBD-03,SLU-04,Member,Male,1972
695,10/13/2014 16:01,10/13/2014 16:05,SEA00145,253.262,2nd Ave & Vine St,Dexter Ave & Denny Way,BT-03,SLU-18,Member,Male,1976
697,10/13/2014 16:02,10/13/2014 16:13,SEA00244,657.159,Frye Art Museum / Terry Ave & Columbia St,7th Ave & Union St,FH-01,CBD-03,Short-Term Pass Holder,,
699,10/13/2014 16:04,10/13/2014 16:20,SEA00444,935.79,Westlake Ave & 6th Ave,2nd Ave & Spring St,SLU-15,CBD-06,Short-Term Pass Holder,,
700,10/13/2014 16:05,10/13/2014 16:10,SEA00038,328.987,6th Ave & Blanchard St,9th Ave N & Mercer St,BT-04,DPD-01,Member,Male,1991
701,10/13/2014 16:06,10/13/2014 16:15,SEA00425,546.851,Occidental Park / Occidental Ave S & S Washington St,2nd Ave & Pine St,PS-04,CBD-13,Member,Male,1985
702,10/13/2014 16:07,10/13/2014 16:15,SEA00105,477.08,E Harrison St & Broadway Ave E,Cal Anderson Park / 11th Ave & Pine St,CH-02,CH-08,Member,Female,1991
703,10/13/2014 16:13,10/13/2014 16:30,SEA00348,1031.294,Seattle Aquarium / Alaskan Way S & Elliott Bay Trail,6th Ave S & S King St,WF-04,ID-04,Short-Term Pass Holder,,
704,10/13/2014 16:14,10/13/2014 16:19,SEA00437,324.587,6th Ave S & S King St,6th Ave S & S King St,ID-04,ID-04,Member,Male,1968
705,10/13/2014 16:15,10/13/2014 16:28,SEA00390,750.311,Occidental Park / Occidental Ave S & S Washington St,1st Ave & Marion St,PS-04,CBD-05,Short-Term Pass Holder,,
706,10/13/2014 16:15,10/13/2014 16:24,SEA00234,554.79,Occidental Park / Occidental Ave S & S Washington St,1st Ave & Marion St,PS-04,CBD-05,Short-Term Pass Holder,,
707,10/13/2014 16:16,10/13/2014 16:47,SEA00175,1852.419,NE 42nd St & University Way NE,E Harrison St & Broadway Ave E,UD-02,CH-02,Short-Term Pass Holder,,
708,10/13/2014 16:16,10/13/2014 16:46,SEA00111,1829.277,NE 42nd St & University Way NE,E Harrison St & Broadway Ave E,UD-02,CH-02,Short-Term Pass Holder,,
709,10/13/2014 16:18,10/13/2014 16:22,SEA00378,257.52,Cal Anderson Park / 11th Ave & Pine St,12th Ave & E Denny Way,CH-08,CH-06,Member,Male,1978
710,10/13/2014 16:19,10/13/2014 16:24,SEA00204,294.633,Westlake Ave & 6th Ave,2nd Ave & Vine St,SLU-15,BT-03,Member,Male,1988
711,10/13/2014 16:19,10/13/2014 16:22,SEA00225,141.543,12th Ave & E Mercer St,E Harrison St & Broadway Ave E,CH-15,CH-02,Member,Male,1987
712,10/13/2014 16:20,10/13/2014 16:42,SEA00162,1319.77,Republican St & Westlake Ave N,Summit Ave E & E Republican St,SLU-04,CH-03,Member,Male,1980
713,10/13/2014 16:20,10/13/2014 16:37,SEA00263,1037.592,King Street Station Plaza / 2nd Ave Extension S & S Jackson St,Pier 69 / Alaskan Way & Clay St,PS-05,WF-01,Short-Term Pass Holder,,
714,10/13/2014 16:20,10/13/2014 16:37,SEA00043,1031.753,King Street Station Plaza / 2nd Ave Extension S & S Jackson St,Pier 69 / Alaskan Way & Clay St,PS-05,WF-01,Short-Term Pass Holder,,
715,10/13/2014 16:23,10/13/2014 16:47,SEA00377,1485.495,15th Ave E & E Thomas St,15th Ave E & E Thomas St,CH-05,CH-05,Short-Term Pass Holder,,
716,10/13/2014 16:23,10/13/2014 16:32,SEA00425,569.158,2nd Ave & Pine St,Westlake Ave & 6th Ave,CBD-13,SLU-15,Member,Male,1990
717,10/13/2014 16:25,10/13/2014 16:47,SEA00060,1353.552,15th Ave E & E Thomas St,15th Ave E & E Thomas St,CH-05,CH-05,Short-Term Pass Holder,,
718,10/13/2014 16:25,10/13/2014 16:48,SEA00380,1357.534,15th Ave E & E Thomas St,15th Ave E & E Thomas St,CH-05,CH-05,Short-Term Pass Holder,,
719,10/13/2014 16:27,10/13/2014 16:40,SEA00182,828.779,1st Ave & Marion St,2nd Ave & Vine St,CBD-05,BT-03,Short-Term Pass Holder,,
720,10/13/2014 16:28,10/13/2014 16:33,SEA00186,298.867,12th Ave & E Denny Way,12th Ave & E Mercer St,CH-06,CH-15,Member,Male,1978
721,10/13/2014 16:29,10/13/2014 16:33,SEA00225,226.057,E Harrison St & Broadway Ave E,12th Ave & E Mercer St,CH-02,CH-15,Member,Male,1987
722,10/13/2014 16:31,10/13/2014 16:39,SEA00103,475.919,Occidental Park / Occidental Ave S & S Washington St,2nd Ave & Pine St,PS-04,CBD-13,Member,Female,1977
723,10/13/2014 16:31,10/13/2014 16:42,SEA00212,692.157,Summit Ave & E Denny Way,E Harrison St & Broadway Ave E,CH-01,CH-02,Member,Other,1987
724,10/13/2014 16:34,10/13/2014 16:51,SEA00308,1000.004,1st Ave & Marion St,7th Ave & Union St,CBD-05,CBD-03,Short-Term Pass Holder,,
725,10/13/2014 16:34,10/13/2014 16:51,SEA00390,1002.138,1st Ave & Marion St,7th Ave & Union St,CBD-05,CBD-03,Short-Term Pass Holder,,
726,10/13/2014 16:35,10/13/2014 16:45,SEA00168,601.143,6th Ave & Blanchard St,Key Arena / 1st Ave N & Harrison St,BT-04,SLU-19,Member,Female,1977
728,10/13/2014 16:44,10/13/2014 16:48,SEA00164,227.939,12th Ave & NE Campus Pkwy,NE 47th St & 12th Ave NE,UD-04,UD-07,Short-Term Pass Holder,,
729,10/13/2014 16:44,10/13/2014 16:50,SEA00204,355.082,2nd Ave & Vine St,2nd Ave & Spring St,BT-03,CBD-06,Member,Male,1988
730,10/13/2014 16:45,10/13/2014 16:58,SEA00104,793.824,Cal Anderson Park / 11th Ave & Pine St,REI / Yale Ave N & John St,CH-08,SLU-01,Short-Term Pass Holder,,
731,10/13/2014 16:47,10/13/2014 17:11,SEA00333,1421.257,King Street Station Plaza / 2nd Ave Extension S & S Jackson St,Key Arena / 1st Ave N & Harrison St,PS-05,SLU-19,Short-Term Pass Holder,,
732,10/13/2014 16:49,10/13/2014 17:14,SEA00112,1505.478,Seattle Aquarium / Alaskan Way S & Elliott Bay Trail,Pier 69 / Alaskan Way & Clay St,WF-04,WF-01,Short-Term Pass Holder,,
733,10/13/2014 16:49,10/13/2014 16:54,SEA00212,306.258,E Harrison St & Broadway Ave E,Cal Anderson Park / 11th Ave & Pine St,CH-02,CH-08,Member,Other,1987
735,10/13/2014 16:50,10/13/2014 17:14,SEA00297,1439.702,Seattle Aquarium / Alaskan Way S & Elliott Bay Trail,Pier 69 / Alaskan Way & Clay St,WF-04,WF-01,Short-Term Pass Holder,,
736,10/13/2014 16:51,10/13/2014 17:14,SEA00231,1352.871,Seattle Aquarium / Alaskan Way S & Elliott Bay Trail,Pier 69 / Alaskan Way & Clay St,WF-04,WF-01,Short-Term Pass Holder,,
737,10/13/2014 16:51,10/13/2014 17:03,SEA00405,683.301,2nd Ave & Spring St,REI / Yale Ave N & John St,CBD-06,SLU-01,Member,Male,1980
738,10/13/2014 16:52,10/13/2014 17:07,SEA00415,924.719,City Hall / 4th Ave & James St,Key Arena / 1st Ave N & Harrison St,CBD-07,SLU-19,Member,Male,1973
739,10/13/2014 16:52,10/13/2014 17:14,SEA00054,1316.004,Seattle Aquarium / Alaskan Way S & Elliott Bay Trail,Pier 69 / Alaskan Way & Clay St,WF-04,WF-01,Short-Term Pass Holder,,
741,10/13/2014 16:55,10/13/2014 17:19,SEA00436,1429.015,1st Ave & Marion St,E Harrison St & Broadway Ave E,CBD-05,CH-02,Short-Term Pass Holder,,
742,10/13/2014 16:56,10/13/2014 17:01,SEA00207,321.474,UW Engineering Library / E Stevens Way NE & Jefferson Rd,15th Ave NE & NE 40th St,UW-06,UW-04,Member,Male,1981
743,10/13/2014 16:57,10/13/2014 17:12,SEA00221,943.379,Republican St & Westlake Ave N,Eastlake Ave E & E Allison St,SLU-04,EL-05,Member,Male,1980
744,10/13/2014 16:58,10/13/2014 17:16,SEA00029,1121.833,1st Ave & Marion St,Republican St & Westlake Ave N,CBD-05,SLU-04,Short-Term Pass Holder,,
745,10/13/2014 16:58,10/13/2014 17:10,SEA00475,738.729,7th Ave & Union St,Lake Union Park / Valley St & Boren Ave N,CBD-03,SLU-17,Member,Female,1963
746,10/13/2014 16:58,10/13/2014 17:19,SEA00103,1212.69,2nd Ave & Pine St,12th Ave & E Mercer St,CBD-13,CH-15,Member,Male,1964
747,10/13/2014 16:59,10/13/2014 17:20,SEA00325,1228.31,12th Ave & E Denny Way,12th Ave & E Mercer St,CH-06,CH-15,Short-Term Pass Holder,,
748,10/13/2014 17:00,10/13/2014 17:19,SEA00184,1160.542,12th Ave & E Denny Way,12th Ave & E Mercer St,CH-06,CH-15,Short-Term Pass Holder,,
749,10/13/2014 17:00,10/13/2014 17:19,SEA00166,1149.897,12th Ave & E Denny Way,12th Ave & E Mercer St,CH-06,CH-15,Short-Term Pass Holder,,
750,10/13/2014 17:01,10/13/2014 17:16,SEA00206,875.828,Key Arena / 1st Ave N & Harrison St,2nd Ave & Spring St,SLU-19,CBD-06,Short-Term Pass Holder,,
752,10/13/2014 17:03,10/13/2014 17:07,SEA00327,241.217,NE 47th St & 12th Ave NE,12th Ave & NE Campus Pkwy,UD-07,UD-04,Short-Term Pass Holder,,
753,10/13/2014 17:05,10/13/2014 17:21,SEA00272,916.706,3rd Ave & Broad St,Dexter Ave N & Aloha St,BT-01,SLU-02,Short-Term Pass Holder,,
754,10/13/2014 17:05,10/13/2014 17:20,SEA00040,914.192,3rd Ave & Broad St,Dexter Ave N & Aloha St,BT-01,SLU-02,Short-Term Pass Holder,,
755,10/13/2014 17:06,10/13/2014 17:18,SEA00349,720.534,Westlake Ave & 6th Ave,E Harrison St & Broadway Ave E,SLU-15,CH-02,Member,Male,1977
756,10/13/2014 17:06,10/13/2014 17:20,SEA00440,807.448,7th Ave & Union St,E Pine St & 16th Ave,CBD-03,CH-07,Member,Male,1981
759,10/13/2014 17:09,10/13/2014 17:15,SEA00175,364.581,E Harrison St & Broadway Ave E,12th Ave & E Denny Way,CH-02,CH-06,Member,Male,1966
760,10/13/2014 17:09,10/13/2014 17:15,SEA00273,342.91,Westlake Ave & 6th Ave,2nd Ave & Spring St,SLU-15,CBD-06,Member,Male,1983
761,10/13/2014 17:10,10/13/2014 17:27,SEA00295,1038.14,Republican St & Westlake Ave N,15th Ave E & E Thomas St,SLU-04,CH-05,Member,Male,1987
764,10/13/2014 17:15,10/13/2014 17:20,SEA00151,318.624,9th Ave N & Mercer St,PATH / 9th Ave & Westlake Ave,DPD-01,SLU-07,Member,Male,1991
765,10/13/2014 17:16,10/13/2014 17:25,SEA00162,528.405,Summit Ave E & E Republican St,Seattle University / E Columbia St & 12th Ave,CH-03,FH-04,Member,Male,1977
766,10/13/2014 17:17,10/13/2014 17:23,SEA00194,403.315,Republican St & Westlake Ave N,REI / Yale Ave N & John St,SLU-04,SLU-01,Member,Male,1972
767,10/13/2014 17:17,10/13/2014 17:32,SEA00062,889.209,Westlake Ave & 6th Ave,Pier 69 / Alaskan Way & Clay St,SLU-15,WF-01,Member,Male,1985
768,10/13/2014 17:19,10/13/2014 17:31,SEA00444,678.623,2nd Ave & Spring St,2nd Ave & Blanchard St,CBD-06,BT-05,Short-Term Pass Holder,,
770,10/13/2014 17:23,10/13/2014 17:30,SEA00257,404.16,Cal Anderson Park / 11th Ave & Pine St,Summit Ave & E Denny Way,CH-08,CH-01,Member,Other,1987
771,10/13/2014 17:25,10/13/2014 17:39,SEA00433,872.236,Republican St & Westlake Ave N,2nd Ave & Blanchard St,SLU-04,BT-05,Short-Term Pass Holder,,
772,10/13/2014 17:27,10/13/2014 17:43,SEA00461,936.527,Dexter Ave N & Aloha St,REI / Yale Ave N & John St,SLU-02,SLU-01,Short-Term Pass Holder,,
773,10/13/2014 17:28,10/13/2014 17:52,SEA00445,1438.596,Pier 69 / Alaskan Way & Clay St,3rd Ave & Broad St,WF-01,BT-01,Short-Term Pass Holder,,
774,10/13/2014 17:28,10/13/2014 17:52,SEA00050,1427.933,Pier 69 / Alaskan Way & Clay St,3rd Ave & Broad St,WF-01,BT-01,Short-Term Pass Holder,,
776,10/13/2014 17:29,10/13/2014 17:32,SEA00071,180.845,E Pine St & 16th Ave,Cal Anderson Park / 11th Ave & Pine St,CH-07,CH-08,Member,Male,1983
777,10/13/2014 17:30,10/13/2014 17:52,SEA00043,1329.031,Pier 69 / Alaskan Way & Clay St,3rd Ave & Broad St,WF-01,BT-01,Short-Term Pass Holder,,
779,10/13/2014 17:30,10/13/2014 18:09,SEA00121,2361.881,1st Ave & Marion St,3rd Ave & Broad St,CBD-05,BT-01,Short-Term Pass Holder,,
780,10/13/2014 17:30,10/13/2014 17:52,SEA00263,1290.055,Pier 69 / Alaskan Way & Clay St,3rd Ave & Broad St,WF-01,BT-01,Short-Term Pass Holder,,
781,10/13/2014 17:31,10/13/2014 17:53,SEA00234,1327.993,1st Ave & Marion St,E Pine St & 16th Ave,CBD-05,CH-07,Short-Term Pass Holder,,
783,10/13/2014 17:32,10/13/2014 17:47,SEA00419,890.239,Key Arena / 1st Ave N & Harrison St,6th Ave S & S King St,SLU-19,ID-04,Member,Male,1955
784,10/13/2014 17:32,10/13/2014 17:47,SEA00045,884.817,Lake Union Park / Valley St & Boren Ave N,2nd Ave & Blanchard St,SLU-17,BT-05,Member,Female,1963
785,10/13/2014 17:32,10/13/2014 17:47,SEA00367,882.395,Lake Union Park / Valley St & Boren Ave N,2nd Ave & Blanchard St,SLU-17,BT-05,Member,Male,1990
787,10/13/2014 17:35,10/13/2014 17:48,SEA00062,791.359,Pier 69 / Alaskan Way & Clay St,Dexter Ave & Denny Way,WF-01,SLU-18,Member,Male,1985
788,10/13/2014 17:36,10/13/2014 17:55,SEA00194,1122.812,REI / Yale Ave N & John St,City Hall / 4th Ave & James St,SLU-01,CBD-07,Short-Term Pass Holder,,
789,10/13/2014 17:36,10/13/2014 17:58,SEA00172,1293.881,6th Ave S & S King St,E Pine St & 16th Ave,ID-04,CH-07,Short-Term Pass Holder,,
790,10/13/2014 17:36,10/13/2014 17:51,SEA00153,884.403,3rd Ave & Broad St,Summit Ave E & E Republican St,BT-01,CH-03,Member,Male,1979
791,10/13/2014 17:38,10/13/2014 17:44,SEA00137,376.212,Cal Anderson Park / 11th Ave & Pine St,Cal Anderson Park / 11th Ave & Pine St,CH-08,CH-08,Member,Female,1991
792,10/13/2014 17:38,10/13/2014 17:55,SEA00405,986.161,REI / Yale Ave N & John St,City Hall / 4th Ave & James St,SLU-01,CBD-07,Short-Term Pass Holder,,
793,10/13/2014 17:39,10/13/2014 17:49,SEA00499,569.677,Westlake Ave & 6th Ave,Occidental Park / Occidental Ave S & S Washington St,SLU-15,PS-04,Short-Term Pass Holder,,
794,10/13/2014 17:40,10/13/2014 18:06,SEA00483,1589.889,UW Magnuson Health Sciences Center Rotunda / Columbia Rd & San Juan Rd,Burke Museum / E Stevens Way NE & Memorial Way NE,UW-10,UW-02,Member,Male,1988
795,10/13/2014 17:40,10/13/2014 17:52,SEA00060,732.172,15th Ave E & E Thomas St,7th Ave & Union St,CH-05,CBD-03,Member,Male,1981
796,10/13/2014 17:43,10/13/2014 17:58,SEA00411,945.584,Republican St & Westlake Ave N,1st Ave & Marion St,SLU-04,CBD-05,Member,Male,1981
797,10/13/2014 17:44,10/13/2014 17:49,SEA00349,274.523,E Harrison St & Broadway Ave E,Harvard Ave & E Pine St,CH-02,CH-09,Member,Female,1983
799,10/13/2014 17:51,10/13/2014 18:00,SEA00353,524.716,Westlake Ave & 6th Ave,Dexter Ave & Denny Way,SLU-15,SLU-18,Member,Male,1989
800,10/13/2014 17:51,10/13/2014 18:02,SEA00468,612.558,Bellevue Ave & E Pine St,15th Ave E & E Thomas St,CH-12,CH-05,Member,Male,1986
801,10/13/2014 17:52,10/13/2014 18:11,SEA00307,1158.651,Dexter Ave & Denny Way,12th Ave & E Mercer St,SLU-18,CH-15,Member,Male,1985
802,10/13/2014 17:52,10/13/2014 18:01,SEA00137,532.05,Cal Anderson Park / 11th Ave & Pine St,Summit Ave E & E Republican St,CH-08,CH-03,Member,Female,1991
803,10/13/2014 17:57,10/13/2014 18:03,SEA00120,372.303,6th Ave & Blanchard St,2nd Ave & Pine St,BT-04,CBD-13,Member,Male,1967
804,10/13/2014 17:57,10/13/2014 18:18,SEA00208,1263.473,1st Ave & Marion St,Bellevue Ave & E Pine St,CBD-05,CH-12,Member,Male,1983
805,10/13/2014 17:58,10/13/2014 18:03,SEA00377,294.11,15th Ave E & E Thomas St,12th Ave & E Mercer St,CH-05,CH-15,Member,Male,1958
806,10/13/2014 17:58,10/13/2014 19:28,SEA00143,5372.473,Frye Art Museum / Terry Ave & Columbia St,Frye Art Museum / Terry Ave & Columbia St,FH-01,FH-01,Short-Term Pass Holder,,
807,10/13/2014 18:00,10/13/2014 18:27,SEA00031,1630.646,3rd Ave & Broad St,Key Arena / 1st Ave N & Harrison St,BT-01,SLU-19,Short-Term Pass Holder,,
808,10/13/2014 18:01,10/13/2014 18:27,SEA00043,1577.461,3rd Ave & Broad St,Key Arena / 1st Ave N & Harrison St,BT-01,SLU-19,Short-Term Pass Holder,,
809,10/13/2014 18:02,10/13/2014 18:07,SEA00060,318.057,7th Ave & Union St,Bellevue Ave & E Pine St,CBD-03,CH-12,Member,Male,1984
810,10/13/2014 18:02,10/13/2014 18:28,SEA00399,1514.813,3rd Ave & Broad St,Key Arena / 1st Ave N & Harrison St,BT-01,SLU-19,Short-Term Pass Holder,,
811,10/13/2014 18:06,10/13/2014 18:19,SEA00117,743.382,Frye Art Museum / Terry Ave & Columbia St,E Harrison St & Broadway Ave E,FH-01,CH-02,Member,Male,1968
812,10/13/2014 18:07,10/13/2014 18:27,SEA00474,1238.784,3rd Ave & Broad St,Key Arena / 1st Ave N & Harrison St,BT-01,SLU-19,Short-Term Pass Holder,,
813,10/13/2014 18:07,10/13/2014 18:08,SEA00497,78.547,Seattle Aquarium / Alaskan Way S & Elliott Bay Trail,Seattle Aquarium / Alaskan Way S & Elliott Bay Trail,WF-04,WF-04,Member,Male,1981
814,10/13/2014 18:07,10/13/2014 18:15,SEA00413,488.345,6th Ave & Blanchard St,Dexter Ave & Denny Way,BT-04,SLU-18,Member,Male,1988
815,10/13/2014 18:07,10/13/2014 18:11,SEA00118,244.533,2nd Ave & Pine St,7th Ave & Union St,CBD-13,CBD-03,Member,Male,1980
816,10/13/2014 18:08,10/13/2014 18:16,SEA00021,511.115,Occidental Park / Occidental Ave S & S Washington St,2nd Ave & Pine St,PS-04,CBD-13,Member,Male,1984
817,10/13/2014 18:08,10/13/2014 18:13,SEA00436,286.1,E Harrison St & Broadway Ave E,Cal Anderson Park / 11th Ave & Pine St,CH-02,CH-08,Member,Male,1975
819,10/13/2014 18:09,10/13/2014 18:13,SEA00380,192.409,15th Ave E & E Thomas St,E Pine St & 16th Ave,CH-05,CH-07,Member,Male,1978
820,10/13/2014 18:14,10/13/2014 18:34,SEA00236,1217.519,Westlake Ave & 6th Ave,Seattle Aquarium / Alaskan Way S & Elliott Bay Trail,SLU-15,WF-04,Short-Term Pass Holder,,
821,10/13/2014 18:15,10/13/2014 18:19,SEA00089,270.787,7th Ave & Union St,2nd Ave & Pine St,CBD-03,CBD-13,Member,Male,1980
824,10/13/2014 18:18,10/13/2014 18:30,SEA00307,747.404,12th Ave & E Mercer St,2nd Ave & Pine St,CH-15,CBD-13,Member,Male,1985
826,10/13/2014 18:18,10/13/2014 18:35,SEA00234,1018.579,E Pine St & 16th Ave,E Pine St & 16th Ave,CH-07,CH-07,Member,Female,1977
827,10/13/2014 18:19,10/13/2014 18:28,SEA00192,558.026,2nd Ave & Spring St,Bellevue Ave & E Pine St,CBD-06,CH-12,Short-Term Pass Holder,,
828,10/13/2014 18:19,10/13/2014 18:31,SEA00279,743.509,15th Ave NE & NE 40th St,Eastlake Ave E & E Allison St,UW-04,EL-05,Member,Female,1988
829,10/13/2014 18:19,10/13/2014 18:30,SEA00022,627.359,E Blaine St & Fairview Ave E,Lake Union Park / Valley St & Boren Ave N,EL-03,SLU-17,Short-Term Pass Holder,,
830,10/13/2014 18:21,10/13/2014 18:43,SEA00129,1332.856,Children's Hospital / Sandpoint Way NE & 40th Ave NE,UW Intramural Activities Building,DPD-03,UW-07,Short-Term Pass Holder,,
831,10/13/2014 18:22,10/13/2014 18:32,SEA00183,566.811,Occidental Park / Occidental Ave S & S Washington St,2nd Ave & Pine St,PS-04,CBD-13,Member,Female,1989
832,10/13/2014 18:24,10/13/2014 18:44,SEA00135,1247.086,Children's Hospital / Sandpoint Way NE & 40th Ave NE,UW Intramural Activities Building,DPD-03,UW-07,Short-Term Pass Holder,,
833,10/13/2014 18:24,10/13/2014 18:44,SEA00206,1204.93,2nd Ave & Spring St,2nd Ave & Spring St,CBD-06,CBD-06,Member,Male,1983
834,10/13/2014 18:28,10/13/2014 18:33,SEA00349,323.216,Harvard Ave & E Pine St,E Harrison St & Broadway Ave E,CH-09,CH-02,Member,Female,1986
835,10/13/2014 18:31,10/13/2014 18:46,SEA00213,908.417,Key Arena / 1st Ave N & Harrison St,Pier 69 / Alaskan Way & Clay St,SLU-19,WF-01,Short-Term Pass Holder,,
836,10/13/2014 18:32,10/13/2014 18:46,SEA00311,864.301,Key Arena / 1st Ave N & Harrison St,Pier 69 / Alaskan Way & Clay St,SLU-19,WF-01,Short-Term Pass Holder,,
837,10/13/2014 18:32,10/13/2014 18:38,SEA00436,387.44,Cal Anderson Park / 11th Ave & Pine St,Seattle University / E Columbia St & 12th Ave,CH-08,FH-04,Member,Male,1983
838,10/13/2014 18:33,10/13/2014 18:46,SEA00322,812.317,Key Arena / 1st Ave N & Harrison St,Pier 69 / Alaskan Way & Clay St,SLU-19,WF-01,Short-Term Pass Holder,,
839,10/13/2014 18:34,10/13/2014 18:46,SEA00181,755.816,Key Arena / 1st Ave N & Harrison St,Pier 69 / Alaskan Way & Clay St,SLU-19,WF-01,Short-Term Pass Holder,,
840,10/13/2014 18:33,10/13/2014 18:38,SEA00257,301.087,Summit Ave & E Denny Way,12th Ave & E Denny Way,CH-01,CH-06,Member,Male,1983
841,10/13/2014 18:36,10/13/2014 18:43,SEA00247,421.926,7th Ave & Union St,Bellevue Ave & E Pine St,CBD-03,CH-12,Short-Term Pass Holder,,
842,10/13/2014 18:36,10/13/2014 18:43,SEA00079,415.542,7th Ave & Union St,Bellevue Ave & E Pine St,CBD-03,CH-12,Short-Term Pass Holder,,
843,10/13/2014 18:36,10/13/2014 18:54,SEA00346,1091.175,E Blaine St & Fairview Ave E,6th Ave & Blanchard St,EL-03,BT-04,Short-Term Pass Holder,,
844,10/13/2014 18:36,10/13/2014 18:49,SEA00402,756.585,Dexter Ave & Denny Way,Summit Ave & E Denny Way,SLU-18,CH-01,Member,Male,1983
845,10/13/2014 18:36,10/13/2014 18:54,SEA00469,1082.383,E Blaine St & Fairview Ave E,6th Ave & Blanchard St,EL-03,BT-04,Member,Male,1974
846,10/13/2014 18:38,10/13/2014 19:10,SEA00236,1942.225,Seattle Aquarium / Alaskan Way S & Elliott Bay Trail,Pier 69 / Alaskan Way & Clay St,WF-04,WF-01,Short-Term Pass Holder,,
847,10/13/2014 18:41,10/13/2014 19:47,SEA00308,3939.462,7th Ave & Union St,7th Ave & Union St,CBD-03,CBD-03,Short-Term Pass Holder,,
849,10/13/2014 18:43,10/13/2014 19:48,SEA00390,3882.176,7th Ave & Union St,7th Ave & Union St,CBD-03,CBD-03,Short-Term Pass Holder,,
850,10/13/2014 18:44,10/13/2014 18:53,SEA00436,517.315,Seattle University / E Columbia St & 12th Ave,Summit Ave E & E Republican St,FH-04,CH-03,Member,Male,1977
851,10/13/2014 18:47,10/13/2014 19:05,SEA00173,1068.249,UW Intramural Activities Building,Children's Hospital / Sandpoint Way NE & 40th Ave NE,UW-07,DPD-03,Short-Term Pass Holder,,
852,10/13/2014 18:47,10/13/2014 18:54,SEA00182,406.135,2nd Ave & Vine St,PATH / 9th Ave & Westlake Ave,BT-03,SLU-07,Member,Male,1989
853,10/13/2014 18:48,10/13/2014 19:05,SEA00222,1018.453,UW Intramural Activities Building,Children's Hospital / Sandpoint Way NE & 40th Ave NE,UW-07,DPD-03,Short-Term Pass Holder,,
858,10/13/2014 19:11,10/13/2014 19:19,SEA00182,479.739,PATH / 9th Ave & Westlake Ave,2nd Ave & Vine St,SLU-07,BT-03,Member,Male,1989
859,10/13/2014 19:14,10/13/2014 19:47,SEA00213,1992.021,Pier 69 / Alaskan Way & Clay St,Bellevue Ave & E Pine St,WF-01,CH-12,Short-Term Pass Holder,,
863,10/13/2014 19:26,10/13/2014 19:46,SEA00461,1224.466,REI / Yale Ave N & John St,E Harrison St & Broadway Ave E,SLU-01,CH-02,Member,Male,1982
864,10/13/2014 19:28,10/13/2014 19:39,SEA00162,653.949,Seattle University / E Columbia St & 12th Ave,E Harrison St & Broadway Ave E,FH-04,CH-02,Member,Male,1984
865,10/13/2014 19:31,10/13/2014 19:39,SEA00163,468.738,12th Ave & NE Campus Pkwy,UW Intramural Activities Building,UD-04,UW-07,Short-Term Pass Holder,,
866,10/13/2014 19:35,10/13/2014 19:47,SEA00230,719.09,Frye Art Museum / Terry Ave & Columbia St,Frye Art Museum / Terry Ave & Columbia St,FH-01,FH-01,Member,Male,1982
867,10/13/2014 19:38,10/13/2014 19:46,SEA00128,521.566,E Pine St & 16th Ave,15th Ave E & E Thomas St,CH-07,CH-05,Member,Male,1990
868,10/13/2014 19:41,10/13/2014 19:56,SEA00207,907.502,15th Ave NE & NE 40th St,UW McCarty Hall / Whitman Ct,UW-04,UW-01,Member,Male,1988
869,10/13/2014 19:41,10/13/2014 19:45,SEA00253,228.725,Cal Anderson Park / 11th Ave & Pine St,Bellevue Ave & E Pine St,CH-08,CH-12,Member,Male,1987
870,10/13/2014 19:48,10/13/2014 20:12,SEA00380,1418.412,E Pine St & 16th Ave,Seattle University / E Columbia St & 12th Ave,CH-07,FH-04,Member,Male,1969
871,10/13/2014 19:51,10/13/2014 20:15,SEA00088,1417.416,Occidental Park / Occidental Ave S & S Washington St,Occidental Park / Occidental Ave S & S Washington St,PS-04,PS-04,Short-Term Pass Holder,,
872,10/13/2014 19:51,10/13/2014 20:14,SEA00499,1412.009,Occidental Park / Occidental Ave S & S Washington St,Occidental Park / Occidental Ave S & S Washington St,PS-04,PS-04,Short-Term Pass Holder,,
874,10/13/2014 20:02,10/13/2014 20:08,SEA00148,389.422,Harvard Ave & E Pine St,2nd Ave & Pine St,CH-09,CBD-13,Member,Male,1986
875,10/13/2014 20:03,10/13/2014 20:22,SEA00298,1167.243,2nd Ave & Pine St,Bellevue Ave & E Pine St,CBD-13,CH-12,Member,Male,1982
877,10/13/2014 20:08,10/13/2014 20:19,SEA00051,656.198,Summit Ave & E Denny Way,2nd Ave & Vine St,CH-01,BT-03,Member,Male,1983
878,10/13/2014 20:09,10/13/2014 20:28,SEA00244,1144.498,7th Ave & Union St,E Pine St & 16th Ave,CBD-03,CH-07,Member,Female,1987
879,10/13/2014 20:25,10/13/2014 20:33,SEA00208,433.56,Bellevue Ave & E Pine St,Seattle University / E Columbia St & 12th Ave,CH-12,FH-04,Member,Male,1982
881,10/13/2014 20:29,10/13/2014 21:24,SEA00352,3302.954,UW Engineering Library / E Stevens Way NE & Jefferson Rd,Burke-Gilman Trail / NE Blakeley St & 24th Ave NE,UW-06,UD-01,Short-Term Pass Holder,,
882,10/13/2014 20:29,10/13/2014 20:52,SEA00230,1422.327,Frye Art Museum / Terry Ave & Columbia St,7th Ave & Union St,FH-01,CBD-03,Member,Male,1969
883,10/13/2014 20:31,10/13/2014 20:38,SEA00429,419.888,REI / Yale Ave N & John St,Summit Ave & E Denny Way,SLU-01,CH-01,Member,Male,1985
884,10/13/2014 20:38,10/13/2014 20:52,SEA00021,858.144,2nd Ave & Pine St,E Harrison St & Broadway Ave E,CBD-13,CH-02,Member,Male,1986
885,10/13/2014 20:41,10/13/2014 20:57,SEA00461,981.334,E Harrison St & Broadway Ave E,12th Ave & E Mercer St,CH-02,CH-15,Member,Male,1981
886,10/13/2014 20:43,10/13/2014 20:49,SEA00295,340.364,15th Ave E & E Thomas St,15th Ave E & E Thomas St,CH-05,CH-05,Member,Female,1987
887,10/13/2014 20:57,10/13/2014 21:18,SEA00122,1276.467,Pine St & 9th Ave,Cal Anderson Park / 11th Ave & Pine St,SLU-16,CH-08,Member,Male,1969
888,10/13/2014 21:04,10/13/2014 21:26,SEA00101,1337.556,Seattle University / E Columbia St & 12th Ave,E Pine St & 16th Ave,FH-04,CH-07,Member,Male,1983
889,10/13/2014 21:06,10/13/2014 21:11,SEA00055,311.645,15th Ave E & E Thomas St,E Pine St & 16th Ave,CH-05,CH-07,Member,Male,1982
890,10/13/2014 21:07,10/13/2014 21:21,SEA00346,831.546,6th Ave & Blanchard St,E Blaine St & Fairview Ave E,BT-04,EL-03,Short-Term Pass Holder,,
891,10/13/2014 21:08,10/13/2014 21:20,SEA00469,770.657,6th Ave & Blanchard St,E Blaine St & Fairview Ave E,BT-04,EL-03,Member,Male,1974
892,10/13/2014 21:23,10/13/2014 21:39,SEA00441,976.213,Seattle University / E Columbia St & 12th Ave,E Blaine St & Fairview Ave E,FH-04,EL-03,Member,Male,1986
893,10/13/2014 21:23,10/13/2014 21:28,SEA00354,319.511,Dexter Ave N & Aloha St,Dexter Ave N & Aloha St,SLU-02,SLU-02,Member,Male,1971
895,10/13/2014 21:37,10/13/2014 21:41,SEA00266,237.467,6th Ave & Blanchard St,2nd Ave & Vine St,BT-04,BT-03,Member,Male,1988
898,10/13/2014 21:43,10/13/2014 21:54,SEA00046,643.101,REI / Yale Ave N & John St,Dexter Ave N & Aloha St,SLU-01,SLU-02,Member,Male,1984
899,10/13/2014 21:46,10/13/2014 21:59,SEA00412,784.266,Fred Hutchinson Cancer Research Center / Fairview Ave N & Ward St,2nd Ave & Vine St,EL-01,BT-03,Member,Male,1988
900,10/13/2014 21:53,10/13/2014 21:57,SEA00172,198.802,E Pine St & 16th Ave,15th Ave E & E Thomas St,CH-07,CH-05,Member,Male,1982
901,10/13/2014 22:03,10/13/2014 22:05,SEA00186,125.375,12th Ave & E Mercer St,E Harrison St & Broadway Ave E,CH-15,CH-02,Member,Male,1981
902,10/13/2014 22:03,10/13/2014 22:08,SEA00175,306.421,12th Ave & E Denny Way,Bellevue Ave & E Pine St,CH-06,CH-12,Member,Male,1987
903,10/13/2014 22:13,10/13/2014 22:22,SEA00163,494.43,UW Intramural Activities Building,12th Ave & NE Campus Pkwy,UW-07,UD-04,Short-Term Pass Holder,,
904,10/13/2014 22:27,10/13/2014 22:32,SEA00117,289.684,E Harrison St & Broadway Ave E,12th Ave & E Mercer St,CH-02,CH-15,Member,Male,1981
905,10/13/2014 23:03,10/13/2014 23:17,SEA00341,863.9,Pine St & 9th Ave,E Harrison St & Broadway Ave E,SLU-16,CH-02,Short-Term Pass Holder,,
906,10/13/2014 23:09,10/13/2014 23:15,SEA00392,388.275,2nd Ave & Vine St,Key Arena / 1st Ave N & Harrison St,BT-03,SLU-19,Member,Male,1984
908,10/13/2014 23:12,10/14/2014 6:52,SEA00230,27583.945,7th Ave & Union St,2nd Ave & Pine St,CBD-03,CBD-13,Short-Term Pass Holder,,
909,10/14/2014 5:40,10/14/2014 5:57,SEA00021,993.063,E Harrison St & Broadway Ave E,King Street Station Plaza / 2nd Ave Extension S & S Jackson St,CH-02,PS-05,Member,Male,1979
910,10/14/2014 6:03,10/14/2014 6:14,SEA00494,643.474,E Harrison St & Broadway Ave E,Frye Art Museum / Terry Ave & Columbia St,CH-02,FH-01,Member,Male,1968
911,10/14/2014 6:30,10/14/2014 6:36,SEA00317,366.946,Bellevue Ave & E Pine St,REI / Yale Ave N & John St,CH-12,SLU-01,Member,Male,1983
912,10/14/2014 6:33,10/14/2014 6:42,SEA00199,490.627,Seattle Aquarium / Alaskan Way S & Elliott Bay Trail,King Street Station Plaza / 2nd Ave Extension S & S Jackson St,WF-04,PS-05,Short-Term Pass Holder,,
913,10/14/2014 6:40,10/14/2014 6:50,SEA00302,574.231,2nd Ave & Blanchard St,Republican St & Westlake Ave N,BT-05,SLU-04,Member,Male,1969
914,10/14/2014 6:46,10/14/2014 6:50,SEA00246,267.489,2nd Ave & Vine St,2nd Ave & Blanchard St,BT-03,BT-05,Member,Male,1981
915,10/14/2014 7:10,10/14/2014 7:21,SEA00440,655.575,E Pine St & 16th Ave,City Hall / 4th Ave & James St,CH-07,CBD-07,Member,Male,1983
916,10/14/2014 7:21,10/14/2014 7:28,SEA00320,412.532,Summit Ave & E Denny Way,2nd Ave & Spring St,CH-01,CBD-06,Member,Male,1981
917,10/14/2014 7:22,10/14/2014 7:29,SEA00153,380.357,Summit Ave E & E Republican St,Summit Ave & E Denny Way,CH-03,CH-01,Member,Other,1987
918,10/14/2014 7:23,10/14/2014 7:36,SEA00039,777.889,E Harrison St & Broadway Ave E,2nd Ave & Pine St,CH-02,CBD-13,Member,Male,1964
919,10/14/2014 7:23,10/14/2014 7:34,SEA00162,655.949,E Harrison St & Broadway Ave E,Westlake Ave & 6th Ave,CH-02,SLU-15,Member,Male,1982
920,10/14/2014 7:25,10/14/2014 7:34,SEA00081,522.243,Pine St & 9th Ave,Cal Anderson Park / 11th Ave & Pine St,SLU-16,CH-08,Short-Term Pass Holder,,
921,10/14/2014 7:26,10/14/2014 7:39,SEA00282,812.753,Burke Museum / E Stevens Way NE & Memorial Way NE,UW Magnuson Health Sciences Center Rotunda / Columbia Rd & San Juan Rd,UW-02,UW-10,Member,Male,1958
922,10/14/2014 7:31,10/14/2014 7:50,SEA00341,1128.947,E Harrison St & Broadway Ave E,NE 42nd St & University Way NE,CH-02,UD-02,Member,Female,1986
923,10/14/2014 7:35,10/14/2014 7:50,SEA00054,898.727,1st Ave & Marion St,Westlake Ave & 6th Ave,CBD-05,SLU-15,Short-Term Pass Holder,,
924,10/14/2014 7:36,10/14/2014 7:48,SEA00230,727.249,2nd Ave & Pine St,Republican St & Westlake Ave N,CBD-13,SLU-04,Short-Term Pass Holder,,
925,10/14/2014 7:37,10/14/2014 7:45,SEA00441,493.228,E Blaine St & Fairview Ave E,Republican St & Westlake Ave N,EL-03,SLU-04,Member,Male,1971
926,10/14/2014 7:39,10/14/2014 7:48,SEA00375,552.649,2nd Ave & Blanchard St,Occidental Park / Occidental Ave S & S Washington St,BT-05,PS-04,Member,Male,1958
927,10/14/2014 7:41,10/14/2014 7:58,SEA00174,981.569,Dexter Ave N & Aloha St,2nd Ave & Pine St,SLU-02,CBD-13,Short-Term Pass Holder,,
928,10/14/2014 7:42,10/14/2014 8:00,SEA00137,1110.941,Summit Ave E & E Republican St,UW Magnuson Health Sciences Center Rotunda / Columbia Rd & San Juan Rd,CH-03,UW-10,Member,Male,1975
929,10/14/2014 7:43,10/14/2014 7:50,SEA00162,435.742,Westlake Ave & 6th Ave,Occidental Park / Occidental Ave S & S Washington St,SLU-15,PS-04,Member,Male,1978
930,10/14/2014 7:47,10/14/2014 7:55,SEA00166,476.163,12th Ave & E Mercer St,REI / Yale Ave N & John St,CH-15,SLU-01,Member,Female,1977
932,10/14/2014 7:51,10/14/2014 8:05,SEA00032,839.236,E Pine St & 16th Ave,6th Ave S & S King St,CH-07,ID-04,Short-Term Pass Holder,,
933,10/14/2014 7:51,10/14/2014 8:01,SEA00302,586.486,Republican St & Westlake Ave N,2nd Ave & Blanchard St,SLU-04,BT-05,Member,Male,1969
934,10/14/2014 7:56,10/14/2014 8:18,SEA00317,1307.757,REI / Yale Ave N & John St,6th Ave S & S King St,SLU-01,ID-04,Short-Term Pass Holder,,
935,10/14/2014 7:57,10/14/2014 8:03,SEA00435,380.727,1st Ave & Marion St,King Street Station Plaza / 2nd Ave Extension S & S Jackson St,CBD-05,PS-05,Member,Male,1977
936,10/14/2014 7:58,10/14/2014 8:14,SEA00094,971.783,Summit Ave E & E Republican St,City Hall / 4th Ave & James St,CH-03,CBD-07,Member,Male,1986
937,10/14/2014 7:58,10/14/2014 8:06,SEA00436,479.029,Summit Ave E & E Republican St,PATH / 9th Ave & Westlake Ave,CH-03,SLU-07,Member,Male,1985
938,10/14/2014 8:01,10/14/2014 8:06,SEA00153,308.456,Summit Ave & E Denny Way,7th Ave & Union St,CH-01,CBD-03,Member,Male,1990
939,10/14/2014 8:02,10/14/2014 8:09,SEA00320,393.42,2nd Ave & Spring St,Occidental Park / Occidental Ave S & S Washington St,CBD-06,PS-04,Member,Female,1963
940,10/14/2014 8:03,10/14/2014 8:12,SEA00412,536.944,2nd Ave & Vine St,2nd Ave & Spring St,BT-03,CBD-06,Member,Female,1980
941,10/14/2014 8:03,10/14/2014 8:16,SEA00349,768.933,E Harrison St & Broadway Ave E,2nd Ave & Blanchard St,CH-02,BT-05,Member,Male,1982
942,10/14/2014 8:03,10/14/2014 8:11,SEA00175,467.128,Bellevue Ave & E Pine St,2nd Ave & Spring St,CH-12,CBD-06,Member,Male,1984
943,10/14/2014 8:04,10/14/2014 8:09,SEA00174,310.001,2nd Ave & Pine St,1st Ave & Marion St,CBD-13,CBD-05,Member,Female,1983
945,10/14/2014 8:05,10/14/2014 8:14,SEA00367,541.046,3rd Ave & Broad St,2nd Ave & Pine St,BT-01,CBD-13,Member,Male,1981
946,10/14/2014 8:07,10/14/2014 8:19,SEA00429,698.756,Summit Ave & E Denny Way,PATH / 9th Ave & Westlake Ave,CH-01,SLU-07,Member,Other,1987
947,10/14/2014 8:09,10/14/2014 8:37,SEA00172,1695.674,15th Ave E & E Thomas St,NE 47th St & 12th Ave NE,CH-05,UD-07,Member,Female,1977
951,10/14/2014 8:10,10/14/2014 8:19,SEA00422,582.461,Dexter Ave & Denny Way,REI / Yale Ave N & John St,SLU-18,SLU-01,Member,Female,1975
952,10/14/2014 8:13,10/14/2014 10:11,SEA00217,7097.829,Eastlake Ave E & E Allison St,12th Ave & NE Campus Pkwy,EL-05,UD-04,Short-Term Pass Holder,,
953,10/14/2014 8:14,10/14/2014 8:17,SEA00449,187.818,Pine St & 9th Ave,Bellevue Ave & E Pine St,SLU-16,CH-12,Member,Male,1985
954,10/14/2014 8:16,10/14/2014 8:29,SEA00257,798.139,12th Ave & E Denny Way,1st Ave & Marion St,CH-06,CBD-05,Member,Male,1983
955,10/14/2014 8:19,10/14/2014 8:26,SEA00301,419.179,15th Ave E & E Thomas St,7th Ave & Union St,CH-05,CBD-03,Member,Male,1983
956,10/14/2014 8:21,10/14/2014 8:30,SEA00449,578.225,Bellevue Ave & E Pine St,Occidental Park / Occidental Ave S & S Washington St,CH-12,PS-04,Member,Male,1984
957,10/14/2014 8:22,10/14/2014 8:41,SEA00267,1152.196,Summit Ave E & E Republican St,Occidental Park / Occidental Ave S & S Washington St,CH-03,PS-04,Short-Term Pass Holder,,
958,10/14/2014 8:23,10/14/2014 8:31,SEA00156,517.54,2nd Ave & Vine St,2nd Ave & Pine St,BT-03,CBD-13,Member,Male,1988
960,10/14/2014 8:24,10/14/2014 8:33,SEA00429,544.001,PATH / 9th Ave & Westlake Ave,3rd Ave & Broad St,SLU-07,BT-01,Member,Other,1987
962,10/14/2014 8:25,10/14/2014 8:33,SEA00203,454.262,Frye Art Museum / Terry Ave & Columbia St,Occidental Park / Occidental Ave S & S Washington St,FH-01,PS-04,Member,Male,1961
963,10/14/2014 8:26,10/14/2014 8:38,SEA00279,718.842,Eastlake Ave E & E Allison St,15th Ave NE & NE 40th St,EL-05,UW-04,Member,Male,1948
964,10/14/2014 8:32,10/14/2014 8:44,SEA00043,703.387,Key Arena / 1st Ave N & Harrison St,Westlake Ave & 6th Ave,SLU-19,SLU-15,Short-Term Pass Holder,,
965,10/14/2014 8:32,10/14/2014 8:39,SEA00074,421.635,Dexter Ave N & Aloha St,PATH / 9th Ave & Westlake Ave,SLU-02,SLU-07,Member,Male,1971
966,10/14/2014 8:33,10/14/2014 8:54,SEA00103,1306.525,12th Ave & E Mercer St,Occidental Park / Occidental Ave S & S Washington St,CH-15,PS-04,Member,Female,1989
967,10/14/2014 8:36,10/14/2014 8:46,SEA00208,604.676,Seattle University / E Columbia St & 12th Ave,2nd Ave & Spring St,FH-04,CBD-06,Member,Male,1981
968,10/14/2014 8:38,10/14/2014 8:45,SEA00375,469.106,Occidental Park / Occidental Ave S & S Washington St,2nd Ave & Spring St,PS-04,CBD-06,Short-Term Pass Holder,,
969,10/14/2014 8:39,10/14/2014 8:48,SEA00253,488.363,Bellevue Ave & E Pine St,2nd Ave & Spring St,CH-12,CBD-06,Short-Term Pass Holder,,
970,10/14/2014 8:44,10/14/2014 9:00,SEA00279,957.346,15th Ave NE & NE 40th St,Children's Hospital / Sandpoint Way NE & 40th Ave NE,UW-04,DPD-03,Member,Male,1986
971,10/14/2014 8:45,10/14/2014 9:14,SEA00473,1737.514,Dexter Ave N & Aloha St,Seattle Aquarium / Alaskan Way S & Elliott Bay Trail,SLU-02,WF-04,Short-Term Pass Holder,,
972,10/14/2014 8:46,10/14/2014 8:50,SEA00320,234.276,Occidental Park / Occidental Ave S & S Washington St,1st Ave & Marion St,PS-04,CBD-05,Member,Female,1963
973,10/14/2014 8:48,10/14/2014 8:59,SEA00101,661.882,E Pine St & 16th Ave,2nd Ave & Pine St,CH-07,CBD-13,Member,Male,1984
974,10/14/2014 8:50,10/14/2014 8:54,SEA00034,237.216,Harvard Ave & E Pine St,Pine St & 9th Ave,CH-09,SLU-16,Member,Female,1983
975,10/14/2014 8:51,10/14/2014 9:17,SEA00461,1594.753,12th Ave & E Mercer St,Fred Hutchinson Cancer Research Center / Fairview Ave N & Ward St,CH-15,EL-01,Member,Male,1983
976,10/14/2014 8:52,10/14/2014 9:26,SEA00232,2076.617,NE 47th St & 12th Ave NE,2nd Ave & Pine St,UD-07,CBD-13,Short-Term Pass Holder,,
977,10/14/2014 8:54,10/14/2014 9:04,SEA00429,615.332,3rd Ave & Broad St,1st Ave & Marion St,BT-01,CBD-05,Member,Male,1986
978,10/14/2014 8:56,10/14/2014 9:02,SEA00045,394.933,3rd Ave & Broad St,Dexter Ave & Denny Way,BT-01,SLU-18,Member,Male,1964
980,10/14/2014 9:01,10/14/2014 9:18,SEA00295,1044.081,15th Ave E & E Thomas St,Occidental Park / Occidental Ave S & S Washington St,CH-05,PS-04,Member,Other,1977
981,10/14/2014 9:01,10/14/2014 9:10,SEA00111,567.94,E Harrison St & Broadway Ave E,Westlake Ave & 6th Ave,CH-02,SLU-15,Member,Male,1977
982,10/14/2014 9:02,10/14/2014 9:17,SEA00051,942.871,King Street Station Plaza / 2nd Ave Extension S & S Jackson St,9th Ave N & Mercer St,PS-05,DPD-01,Member,Male,1955
